individu_id,date,tasses_cafe,heures_travail,productivite
1001,2025-02-01,3,6.1,62.6
1001,2025-02-02,3,6.4,58.4
1001,2025-02-03,4,7.4,58.0
1001,2025-02-04,3,9.6,55.5
1001,2025-02-05,1,7.1,45.5
1001,2025-02-06,2,6.3,59.1
1001,2025-02-07,4,7.2,59.9
1001,2025-02-08,4,7.6,63.5
1001,2025-02-09,3 tasses,6.1,54.8
1001,2025-02-10,0,6.9,42.0
1001,2025-02-11,2,8.1,55.0
1001,2025-02-12,6,7.3,72.0
1001,2025-02-13,3,7.3,57.3
1001,2025-02-14,1,7.8,60.1
1001,2025-02-15,4,8.3,65.4
1001,2025-02-16,3,7.5,63.0
1001,2025-02-17,6,6.8,69.3
1001,2025-02-18,1,8.1,51.3
1001,2025-02-19,4,5.6,59.5
1001,2025-02-20,2,7.8,51.3
1001,2025-02-21,4,7.8,64.3
1001,2025-02-22,0,7.4,43.5
1001,2025-02-23,1,6.7,49.2
1001,2025-02-24,0,7.6,35.0
1001,2025-02-25,6,7.8,60.4
1001,2025-02-26,5,7.1,74.3
1001,2025-02-27,5,7.8,67.5
1001,2025-02-28,7,5.3,73.8
1001,2025-03-01,1,6.5,44.3
1001,2025-03-02,5,7.5,68.0
1002,2025-02-01,0,9.0,46.3
1002,2025-02-02,5,8.3,75.4
1002,2025-02-03,1,6.6,55.6
1002,2025-02-04,3,7.6,64.6
1002,2025-02-05,3,7.9,60.4
1002,2025-02-06,1,7.4,43.3
1002,2025-02-07,5,7.8,77.9
1002,2025-02-08,3 tasses,8.7,53.0
1002,2025-02-09,5,8.7,58.5
1002,2025-02-10,5,8.2,62.7
1002,2025-02-11,2,7.3,63.0
1002,2025-02-12,3,8.2,63.5
1002,2025-02-13,2,8.7,53.5
1002,2025-02-14,8,6.5,71.0
1002,2025-02-15,5,6.7,71.4
1002,2025-02-16,2,6.4,47.5
1002,2025-02-17,3,7.9,53.3
1002,2025-02-18,4,6.1,60.6
1002,2025-02-19,3,7.3,59.0
1002,2025-02-20,3,7.2,57.0
1002,2025-02-21,2,8.0,52.5
1002,2025-02-22,cinq,6.3,39.5
1002,2025-02-23,2,5.8,53.9
1002,2025-02-24,7,8.0,71.5
1002,2025-02-25,0,8.0,47.3
1002,2025-02-26,3,7.3,51.4
1002,2025-02-27,5,7.0,68.1
1002,2025-02-28,2,5.7,55.2
1002,2025-03-01,2,7.8,51.0
1002,2025-03-02,3,6.9,63.3
1003,2025-02-01,3,6.9,57.0
1003,2025-02-02,1,7.3,53.1
1003,2025-02-03,5,,67.3
1003,2025-02-04,2,7.3,52.0
1003,2025-02-05,4,9.2,63.8
1003,2025-02-06,3,7.2,78.9
1003,2025-02-07,3,8.0,62.3
1003,2025-02-08,1,,51.0
1003,2025-02-09,3,6.8,66.2
1003,2025-02-10,4,7.1,63.5
1003,2025-02-11,5,7.5,69.4
1003,2025-02-12,1,5.9,49.0
1003,2025-02-13,1,5.8,47.4
1003,2025-02-14,2,7.0,52.5
1003,2025-02-15,3,7.9,53.7
1003,2025-02-16,2,7.5,56.1
1003,2025-02-17,4,9.1,57.4
1003,2025-02-18,6,5.8,65.4
1003,2025-02-19,5,7.8,67.0
1003,2025-02-20,7,9.1,76.1
1003,2025-02-21,6,6.9,77.6
1003,2025-02-22,0,7.6,42.5
1003,2025-02-23,0,7.6,44.9
1003,2025-02-24,3,9.3,55.2
1003,2025-02-25,3,7.4,60.9
1003,2025-02-26,3 tasses,7.2,61.9
1003,2025-02-27,6,7.4,70.0
1003,2025-02-28,1,7.0,56.7
1003,2025-03-01,3,7.9,51.7
1003,2025-03-02,1,,55.1
1004,2025-02-01,3,6.8,62.4
1004,2025-02-02,2,8.4,53.6
1004,2025-02-03,5,6.6,69.3
1004,2025-02-04,cinq,7.8,45.2
1004,2025-02-05,3,7.4,57.9
1004,2025-02-06,4,8.4,71.8
1004,2025-02-07,0,7.9,46.5
1004,2025-02-08,3,7.0,61.9
1004,2025-02-09,4,7.4,61.1
1004,2025-02-10,5,7.0,75.2
1004,2025-02-11,3,6.9,59.7
1004,2025-02-12,0,,40.1
1004,2025-02-13,0,7.9,44.2
1004,2025-02-14,3,6.9,64.2
1004,2025-02-15,3,6.0,60.9
1004,2025-02-16,cinq,7.6,68.3
1004,2025-02-17,3,,59.0
1004,2025-02-18,1,8.4,47.7
1004,2025-02-19,2,7.3,48.1
1004,2025-02-20,6,8.3,67.2
1004,2025-02-21,6,7.0,70.2
1004,2025-02-22,2,8.8,59.5
1004,2025-02-23,3,7.4,62.2
1004,2025-02-24,4,7.5,63.1
1004,2025-02-25,4,6.0,64.9
1004,2025-02-26,deux,,45.6
1004,2025-02-27,3,7.6,56.6
1004,2025-02-28,3,5.8,57.0
1004,2025-03-01,1,7.0,40.8
1004,2025-03-02,1,8.7,44.0
1005,2025-02-01,2,7.1,56.9
1005,2025-02-02,3,6.0,49.3
1005,2025-02-03,2,7.3,58.4
1005,2025-02-04,1,8.9,42.0
1005,2025-02-05,0,7.2,49.2
1005,2025-02-06,3,6.5,68.5
1005,2025-02-07,3,7.8,62.2
1005,2025-02-08,4,7.0,71.0
1005,2025-02-09,5,9.3,65.5
1005,2025-02-10,6,6.4,72.0
1005,2025-02-11,4,6.2,71.6
1005,2025-02-12,2,8.9,48.0
1005,2025-02-13,3,6.8,55.2
1005,2025-02-14,1,6.3,44.5
1005,2025-02-15,1,8.6,55.8
1005,2025-02-16,1,7.2,54.9
1005,2025-02-17,4,7.2,59.8
1005,2025-02-18,1,9.1,50.9
1005,2025-02-19,3,6.6,58.0
1005,2025-02-20,5,6.1,63.0
1005,2025-02-21,1,8.9,42.3
1005,2025-02-22,3,6.3,59.1
1005,2025-02-23,1,6.9,57.3
1005,2025-02-24,4,7.6,64.7
1005,2025-02-25,6,7.6,77.1
1005,2025-02-26,5,8.4,79.6
1005,2025-02-27,4,8.5,60.3
1005,2025-02-28,3,7.4,54.0
1005,2025-03-01,2,7.4,54.9
1005,2025-03-02,6,6.6,67.3
1006,2025-02-01,1,8.3,58.9
1006,2025-02-02,3,7.7,57.9
1006,2025-02-03,4,6.4,65.1
1006,2025-02-04,3,8.3,62.3
1006,2025-02-05,4,7.2,58.7
1006,2025-02-06,4,7.5,63.0
1006,2025-02-07,2,8.9,61.4
1006,2025-02-08,2,6.8,52.6
1006,2025-02-09,2,7.9,53.9
1006,2025-02-10,4,7.2,75.6
1006,2025-02-11,1,7.4,60.7
1006,2025-02-12,4,7.3,64.7
1006,2025-02-13,1,7.5,43.5
1006,2025-02-14,deux,8.2,68.9
1006,2025-02-15,3,6.5,48.6
1006,2025-02-16,1,8.8,15.0
1006,2025-02-17,5,8.3,70.0
1006,2025-02-18,4,6.1,62.7
1006,2025-02-19,7,7.1,71.8
1006,2025-02-20,2,6.9,58.4
1006,2025-02-21,7,8.8,79.6
1006,2025-02-22,0,7.4,43.0
1006,2025-02-23,1,8.4,47.9
1006,2025-02-24,3 tasses,7.8,44.8
1006,2025-02-25,1,7.1,48.4
1006,2025-02-26,6,8.5,68.1
1006,2025-02-27,3,8.0,62.6
1006,2025-02-28,5,7.1,69.4
1006,2025-03-01,1,8.1,37.8
1006,2025-03-02,2,9.1,45.7
1007,2025-02-01,2,8.0,54.2
1007,2025-02-02,4,8.1,68.3
1007,2025-02-03,3 tasses,8.5,53.9
1007,2025-02-04,1,6.2,47.1
1007,2025-02-05,3,7.6,64.5
1007,2025-02-06,2,8.2,51.6
1007,2025-02-07,0,8.6,37.9
1007,2025-02-08,3,6.2,60.6
1007,2025-02-09,1,5.9,48.2
1007,2025-02-10,0,7.3,48.5
1007,2025-02-11,7,7.6,71.5
1007,2025-02-12,5,6.3,63.2
1007,2025-02-13,4,7.0,61.3
1007,2025-02-14,3,6.4,50.7
1007,2025-02-15,1,7.1,51.6
1007,2025-02-16,3,8.1,58.1
1007,2025-02-17,4,7.2,52.9
1007,2025-02-18,2,7.5,56.6
1007,2025-02-19,2,7.6,51.7
1007,2025-02-20,1,8.0,51.1
1007,2025-02-21,3 tasses,6.9,63.6
1007,2025-02-22,1,7.4,47.4
1007,2025-02-23,4,7.9,68.5
1007,2025-02-24,1,6.1,51.2
1007,2025-02-25,3,8.6,55.9
1007,2025-02-26,cinq,7.8,53.8
1007,2025-02-27,4,6.2,71.7
1007,2025-02-28,2,8.0,58.8
1007,2025-03-01,2,7.6,60.0
1007,2025-03-02,3,6.9,47.3
1008,2025-02-01,4,6.5,64.1
1008,2025-02-02,1,6.7,52.9
1008,2025-02-03,4,8.1,71.8
1008,2025-02-04,4,7.4,58.9
1008,2025-02-05,1,8.3,46.1
1008,2025-02-06,1,8.7,48.7
1008,2025-02-07,2,7.5,63.2
1008,2025-02-08,4,7.9,55.1
1008,2025-02-09,5,6.5,69.4
1008,2025-02-10,2,7.5,53.8
1008,2025-02-11,8,7.0,73.3
1008,2025-02-12,3,6.3,60.4
1008,2025-02-13,5,6.4,66.0
1008,2025-02-14,3,8.3,62.5
1008,2025-02-15,0,9.4,47.3
1008,2025-02-16,3,8.2,65.4
1008,2025-02-17,3,7.2,52.5
1008,2025-02-18,2,8.0,52.5
1008,2025-02-19,2,9.2,55.2
1008,2025-02-20,3,8.1,63.2
1008,2025-02-21,3,6.6,60.8
1008,2025-02-22,5,7.9,71.2
1008,2025-02-23,2,6.8,54.9
1008,2025-02-24,2,8.9,56.5
1008,2025-02-25,2,6.5,59.2
1008,2025-02-26,1,,50.8
1008,2025-02-27,1,7.4,55.6
1008,2025-02-28,1,8.5,50.4
1008,2025-03-01,2,6.1,53.4
1008,2025-03-02,2,7.4,56.9
1009,2025-02-01,0,7.6,53.6
1009,2025-02-02,2,7.9,44.6
1009,2025-02-03,0,6.8,15.0
1009,2025-02-04,2,8.0,51.3
1009,2025-02-05,1,7.3,52.3
1009,2025-02-06,5,7.4,69.8
1009,2025-02-07,3,7.6,54.1
1009,2025-02-08,2,6.4,51.6
1009,2025-02-09,5,9.1,71.9
1009,2025-02-10,4,7.5,67.4
1009,2025-02-11,9,7.7,74.7
1009,2025-02-12,3,9.4,57.8
1009,2025-02-13,2,8.2,50.0
1009,2025-02-14,4,7.5,65.2
1009,2025-02-15,3 tasses,9.5,54.9
1009,2025-02-16,7,7.8,69.2
1009,2025-02-17,2,8.1,51.4
1009,2025-02-18,4,7.8,61.5
1009,2025-02-19,2,6.9,58.7
1009,2025-02-20,4,6.9,74.0
1009,2025-02-21,4,7.1,71.4
1009,2025-02-22,5,5.9,66.2
1009,2025-02-23,4,7.3,58.6
1009,2025-02-24,4,7.8,63.3
1009,2025-02-25,2,8.4,46.5
1009,2025-02-26,2,7.6,55.7
1009,2025-02-27,6,7.8,73.6
1009,2025-02-28,1,6.6,46.9
1009,2025-03-01,3,7.4,60.2
1009,2025-03-02,5,7.5,71.2
1010,2025-02-01,1,9.0,49.3
1010,2025-02-02,6,7.2,69.8
1010,2025-02-03,2,6.4,58.9
1010,2025-02-04,2,7.8,47.9
1010,2025-02-05,6,8.5,76.6
1010,2025-02-06,0,7.6,44.2
1010,2025-02-07,2,9.0,46.4
1010,2025-02-08,4,6.7,56.8
1010,2025-02-09,2,7.1,55.8
1010,2025-02-10,5,7.3,58.7
1010,2025-02-11,1,7.3,47.1
1010,2025-02-12,4,,66.9
1010,2025-02-13,0,8.5,36.5
1010,2025-02-14,4,8.8,53.4
1010,2025-02-15,0,7.4,42.6
1010,2025-02-16,1,5.2,54.7
1010,2025-02-17,1,10.3,43.5
1010,2025-02-18,1,4.9,43.1
1010,2025-02-19,1,,52.1
1010,2025-02-20,2,8.0,62.4
1010,2025-02-21,2,6.9,48.3
1010,2025-02-22,3,9.0,57.9
1010,2025-02-23,4,7.4,62.2
1010,2025-02-24,3 tasses,6.4,48.9
1010,2025-02-25,5,6.8,65.6
1010,2025-02-26,1,8.5,50.3
1010,2025-02-27,4,7.0,67.1
1010,2025-02-28,3,8.4,61.6
1010,2025-03-01,1,6.6,64.0
1010,2025-03-02,4,6.8,70.5
1011,2025-02-01,2,6.1,48.1
1011,2025-02-02,3,5.8,60.8
1011,2025-02-03,2,6.9,52.7
1011,2025-02-04,4,7.3,73.7
1011,2025-02-05,4,7.4,66.8
1011,2025-02-06,8,5.8,68.3
1011,2025-02-07,2,6.1,53.6
1011,2025-02-08,5,7.7,70.4
1011,2025-02-09,2,8.1,54.8
1011,2025-02-10,1,7.5,46.1
1011,2025-02-11,9,8.4,72.5
1011,2025-02-12,5,8.1,61.3
1011,2025-02-13,6,6.0,79.7
1011,2025-02-14,3,7.4,54.3
1011,2025-02-15,3,8.0,60.8
1011,2025-02-16,3,7.3,61.9
1011,2025-02-17,3 tasses,9.1,60.5
1011,2025-02-18,3,6.2,58.8
1011,2025-02-19,5,7.2,68.7
1011,2025-02-20,5,7.8,72.8
1011,2025-02-21,1,7.4,51.8
1011,2025-02-22,4,8.7,62.8
1011,2025-02-23,0,6.4,36.8
1011,2025-02-24,2,10.3,48.8
1011,2025-02-25,4,8.6,62.4
1011,2025-02-26,5,7.7,59.6
1011,2025-02-27,1,7.9,49.4
1011,2025-02-28,2,5.4,45.7
1011,2025-03-01,0,8.2,35.6
1011,2025-03-02,3,7.2,58.7
1012,2025-02-01,3,9.2,59.2
1012,2025-02-02,2,8.0,64.4
1012,2025-02-03,4,6.8,58.0
1012,2025-02-04,6,7.3,69.8
1012,2025-02-05,3,6.7,58.7
1012,2025-02-06,0,6.1,35.0
1012,2025-02-07,4,7.5,57.9
1012,2025-02-08,2,7.8,56.8
1012,2025-02-09,6,7.8,72.0
1012,2025-02-10,0,8.1,41.1
1012,2025-02-11,4,8.9,60.6
1012,2025-02-12,5,9.4,71.4
1012,2025-02-13,4,8.1,64.1
1012,2025-02-14,3,7.7,64.2
1012,2025-02-15,7,7.8,73.0
1012,2025-02-16,0,9.5,51.2
1012,2025-02-17,2,6.8,58.7
1012,2025-02-18,4,7.8,52.4
1012,2025-02-19,2,7.7,48.6
1012,2025-02-20,deux,6.1,45.0
1012,2025-02-21,2,9.0,46.6
1012,2025-02-22,3,9.1,63.7
1012,2025-02-23,3,6.8,49.0
1012,2025-02-24,3,8.2,55.2
1012,2025-02-25,5,7.4,68.9
1012,2025-02-26,3,8.6,64.2
1012,2025-02-27,4,7.2,62.7
1012,2025-02-28,7,9.1,72.2
1012,2025-03-01,deux,7.3,68.6
1012,2025-03-02,6,6.9,75.6
1013,2025-02-01,1,6.6,53.6
1013,2025-02-02,3,7.0,55.9
1013,2025-02-03,5,10.4,73.7
1013,2025-02-04,0,8.3,44.1
1013,2025-02-05,3,6.6,59.5
1013,2025-02-06,3,8.0,57.3
1013,2025-02-07,5,7.6,67.9
1013,2025-02-08,3,8.3,56.5
1013,2025-02-09,4,7.6,70.0
1013,2025-02-10,2,8.5,55.6
1013,2025-02-11,5,7.6,65.4
1013,2025-02-12,2,9.4,55.1
1013,2025-02-13,3,7.1,59.7
1013,2025-02-14,0,7.3,45.2
1013,2025-02-15,0,6.5,40.3
1013,2025-02-16,3,7.3,57.3
1013,2025-02-17,0,8.6,51.7
1013,2025-02-18,1,7.2,48.2
1013,2025-02-19,4,7.1,67.7
1013,2025-02-20,1,8.2,51.3
1013,2025-02-21,1,7.2,43.9
1013,2025-02-22,7,7.3,69.7
1013,2025-02-23,0,7.8,43.2
1013,2025-02-24,4,9.0,67.0
1013,2025-02-25,1,7.0,43.0
1013,2025-02-26,2,8.5,50.9
1013,2025-02-27,4,7.0,66.9
1013,2025-02-28,1,6.3,59.2
1013,2025-03-01,1,8.5,51.9
1013,2025-03-02,2,6.8,52.5
1014,2025-02-01,5,7.0,70.8
1014,2025-02-02,cinq,6.8,51.0
1014,2025-02-03,4,6.3,66.0
1014,2025-02-04,3,7.0,64.6
1014,2025-02-05,5,6.9,77.0
1014,2025-02-06,1,7.4,47.8
1014,2025-02-07,2,8.7,50.1
1014,2025-02-08,2,7.2,48.9
1014,2025-02-09,3,8.6,61.8
1014,2025-02-10,2,8.9,55.7
1014,2025-02-11,5,9.3,68.8
1014,2025-02-12,1,7.7,48.7
1014,2025-02-13,7,7.8,75.1
1014,2025-02-14,4,8.4,58.1
1014,2025-02-15,2,6.6,52.3
1014,2025-02-16,5,6.8,62.0
1014,2025-02-17,3,8.1,59.3
1014,2025-02-18,2,8.9,53.1
1014,2025-02-19,2,8.2,54.6
1014,2025-02-20,2,8.1,70.5
1014,2025-02-21,0,7.8,44.1
1014,2025-02-22,2,8.9,62.5
1014,2025-02-23,3,8.1,57.4
1014,2025-02-24,3,7.9,61.9
1014,2025-02-25,1,7.4,53.3
1014,2025-02-26,2,6.1,49.5
1014,2025-02-27,3,4.6,62.4
1014,2025-02-28,3,5.8,62.5
1014,2025-03-01,4,8.3,59.1
1014,2025-03-02,2,8.6,42.3
1015,2025-02-01,2,6.0,49.5
1015,2025-02-02,5,7.4,15.0
1015,2025-02-03,3,6.1,50.0
1015,2025-02-04,2,8.1,65.7
1015,2025-02-05,cinq,6.5,47.6
1015,2025-02-06,2,7.4,53.9
1015,2025-02-07,5,5.2,69.4
1015,2025-02-08,5,8.6,59.9
1015,2025-02-09,0,6.9,48.5
1015,2025-02-10,5,5.8,68.7
1015,2025-02-11,7,8.4,69.9
1015,2025-02-12,deux,6.3,54.1
1015,2025-02-13,3,9.0,56.1
1015,2025-02-14,3,6.9,58.9
1015,2025-02-15,4,8.2,63.4
1015,2025-02-16,3,7.6,59.6
1015,2025-02-17,1,7.9,55.3
1015,2025-02-18,1,7.9,52.9
1015,2025-02-19,4,7.7,63.7
1015,2025-02-20,1,7.1,57.3
1015,2025-02-21,2,7.5,53.9
1015,2025-02-22,4,7.5,62.0
1015,2025-02-23,5,7.7,68.2
1015,2025-02-24,2,7.2,55.4
1015,2025-02-25,cinq,8.9,48.6
1015,2025-02-26,2,7.6,55.6
1015,2025-02-27,3,7.3,59.0
1015,2025-02-28,5,9.0,68.2
1015,2025-03-01,4,7.9,61.4
1015,2025-03-02,7,7.8,77.2
1016,2025-02-01,2,6.2,57.5
1016,2025-02-02,1,7.9,56.3
1016,2025-02-03,2,7.6,62.6
1016,2025-02-04,1,6.6,41.2
1016,2025-02-05,2,5.4,50.5
1016,2025-02-06,2,7.4,58.9
1016,2025-02-07,4,7.2,67.2
1016,2025-02-08,3,7.9,64.0
1016,2025-02-09,2,8.7,62.9
1016,2025-02-10,2,7.6,58.8
1016,2025-02-11,3 tasses,5.8,69.8
1016,2025-02-12,4,7.0,60.3
1016,2025-02-13,3,6.9,61.1
1016,2025-02-14,1,8.3,56.2
1016,2025-02-15,7,9.1,84.0
1016,2025-02-16,4,6.1,63.6
1016,2025-02-17,7,9.0,70.6
1016,2025-02-18,3 tasses,8.0,66.2
1016,2025-02-19,0,8.7,46.7
1016,2025-02-20,4,,65.4
1016,2025-02-21,3,7.8,65.2
1016,2025-02-22,3,6.0,15.0
1016,2025-02-23,3,8.2,55.2
1016,2025-02-24,3,7.8,53.7
1016,2025-02-25,6,8.4,71.6
1016,2025-02-26,3,8.8,59.8
1016,2025-02-27,3,7.0,68.6
1016,2025-02-28,4,6.7,63.7
1016,2025-03-01,0,7.1,41.5
1016,2025-03-02,cinq,8.0,44.3
1017,2025-02-01,2,7.5,58.5
1017,2025-02-02,6,8.2,69.7
1017,2025-02-03,1,8.0,40.6
1017,2025-02-04,8,8.2,79.3
1017,2025-02-05,5,8.1,70.3
1017,2025-02-06,5,7.3,68.4
1017,2025-02-07,5,6.2,68.2
1017,2025-02-08,3,5.7,62.2
1017,2025-02-09,4,7.6,69.2
1017,2025-02-10,5,8.6,67.6
1017,2025-02-11,3,7.8,61.6
1017,2025-02-12,5,6.7,70.2
1017,2025-02-13,5,6.9,58.1
1017,2025-02-14,0,7.2,40.3
1017,2025-02-15,4,8.0,54.6
1017,2025-02-16,5,7.0,63.4
1017,2025-02-17,4,7.1,64.8
1017,2025-02-18,3,9.0,60.4
1017,2025-02-19,3,7.6,64.5
1017,2025-02-20,2,8.3,54.8
1017,2025-02-21,3,6.6,57.1
1017,2025-02-22,2,7.7,47.7
1017,2025-02-23,0,7.1,51.1
1017,2025-02-24,4,7.5,58.7
1017,2025-02-25,0,,44.5
1017,2025-02-26,1,8.1,52.2
1017,2025-02-27,2,7.5,53.7
1017,2025-02-28,4,6.7,76.7
1017,2025-03-01,1,6.7,51.0
1017,2025-03-02,6,7.0,67.5
1018,2025-02-01,3,8.3,62.7
1018,2025-02-02,4,9.5,67.2
1018,2025-02-03,5,8.7,62.5
1018,2025-02-04,cinq,6.5,54.5
1018,2025-02-05,3,7.7,62.6
1018,2025-02-06,4,7.3,72.6
1018,2025-02-07,1,8.4,40.1
1018,2025-02-08,3,8.7,59.1
1018,2025-02-09,6,6.6,59.7
1018,2025-02-10,1,7.3,60.5
1018,2025-02-11,4,6.9,64.2
1018,2025-02-12,4,6.7,59.1
1018,2025-02-13,0,9.0,52.6
1018,2025-02-14,3,6.3,67.2
1018,2025-02-15,2,6.1,50.0
1018,2025-02-16,1,6.4,46.6
1018,2025-02-17,3,8.4,57.6
1018,2025-02-18,3,7.3,51.5
1018,2025-02-19,4,8.7,71.3
1018,2025-02-20,2,9.1,58.9
1018,2025-02-21,1,6.7,50.3
1018,2025-02-22,3,6.2,59.3
1018,2025-02-23,3,8.5,56.0
1018,2025-02-24,cinq,7.1,47.4
1018,2025-02-25,6,7.4,71.2
1018,2025-02-26,1,8.6,48.1
1018,2025-02-27,3,8.0,54.1
1018,2025-02-28,3,6.0,57.5
1018,2025-03-01,4,8.0,67.0
1018,2025-03-02,3,7.4,58.3
1019,2025-02-01,5,7.9,68.0
1019,2025-02-02,5,7.8,67.9
1019,2025-02-03,0,6.5,49.2
1019,2025-02-04,2,7.6,51.1
1019,2025-02-05,4,6.9,62.2
1019,2025-02-06,5,7.6,63.2
1019,2025-02-07,1,8.0,42.1
1019,2025-02-08,1,,53.2
1019,2025-02-09,4,8.1,64.4
1019,2025-02-10,5,7.8,64.9
1019,2025-02-11,2,7.7,60.3
1019,2025-02-12,1,8.1,48.7
1019,2025-02-13,5,5.9,76.7
1019,2025-02-14,3,5.7,52.3
1019,2025-02-15,7,8.1,70.6
1019,2025-02-16,7,7.7,77.0
1019,2025-02-17,1,7.2,50.5
1019,2025-02-18,2,9.4,60.7
1019,2025-02-19,3 tasses,6.5,38.3
1019,2025-02-20,2,6.8,59.1
1019,2025-02-21,3,7.9,53.2
1019,2025-02-22,1,7.5,54.8
1019,2025-02-23,5,7.1,64.2
1019,2025-02-24,deux,6.0,41.4
1019,2025-02-25,2,7.2,57.5
1019,2025-02-26,7,6.8,74.8
1019,2025-02-27,5,8.8,62.9
1019,2025-02-28,5,6.3,61.3
1019,2025-03-01,3,7.1,66.6
1019,2025-03-02,0,7.6,50.1
1020,2025-02-01,0,7.1,50.0
1020,2025-02-02,3,7.5,64.1
1020,2025-02-03,deux,7.0,38.4
1020,2025-02-04,6,7.0,74.1
1020,2025-02-05,1,7.4,54.1
1020,2025-02-06,5,8.3,76.8
1020,2025-02-07,2,6.5,48.5
1020,2025-02-08,3,9.0,58.1
1020,2025-02-09,0,6.8,51.7
1020,2025-02-10,2,9.3,49.6
1020,2025-02-11,1,9.1,42.8
1020,2025-02-12,2,7.3,49.4
1020,2025-02-13,5,7.3,56.5
1020,2025-02-14,0,6.4,41.5
1020,2025-02-15,3,6.2,68.8
1020,2025-02-16,2,8.7,51.8
1020,2025-02-17,1,8.5,55.9
1020,2025-02-18,0,7.7,41.1
1020,2025-02-19,3,7.2,60.7
1020,2025-02-20,deux,7.4,61.5
1020,2025-02-21,5,6.4,73.9
1020,2025-02-22,3,6.1,50.2
1020,2025-02-23,2,7.0,45.9
1020,2025-02-24,4,8.2,66.0
1020,2025-02-25,5,7.0,69.2
1020,2025-02-26,5,8.0,68.7
1020,2025-02-27,5,7.1,65.6
1020,2025-02-28,3,7.6,58.9
1020,2025-03-01,0,8.5,46.6
1020,2025-03-02,0,5.6,51.5
1021,2025-02-01,2,7.5,48.9
1021,2025-02-02,8,7.4,69.4
1021,2025-02-03,5,6.3,73.1
1021,2025-02-04,3,8.2,59.8
1021,2025-02-05,3,5.9,59.0
1021,2025-02-06,2,7.6,58.3
1021,2025-02-07,4,4.9,61.1
1021,2025-02-08,2,7.0,54.9
1021,2025-02-09,2,6.7,47.4
1021,2025-02-10,2,8.3,58.1
1021,2025-02-11,3,5.4,59.4
1021,2025-02-12,6,6.3,69.7
1021,2025-02-13,cinq,7.0,66.6
1021,2025-02-14,2,7.4,52.4
1021,2025-02-15,3,7.7,61.7
1021,2025-02-16,4,9.0,66.5
1021,2025-02-17,4,6.1,55.4
1021,2025-02-18,6,7.5,62.1
1021,2025-02-19,4,8.0,65.6
1021,2025-02-20,2,5.1,58.0
1021,2025-02-21,4,6.9,62.3
1021,2025-02-22,3,8.6,58.4
1021,2025-02-23,3,6.8,53.2
1021,2025-02-24,6,7.3,71.3
1021,2025-02-25,0,7.4,39.9
1021,2025-02-26,2,7.1,54.8
1021,2025-02-27,3,7.2,56.1
1021,2025-02-28,2,5.8,59.8
1021,2025-03-01,1,7.5,43.1
1021,2025-03-02,4,7.5,64.6
1022,2025-02-01,1,,39.7
1022,2025-02-02,2,10.1,48.0
1022,2025-02-03,3,8.7,61.2
1022,2025-02-04,6,,61.3
1022,2025-02-05,4,8.5,67.9
1022,2025-02-06,1,6.6,53.8
1022,2025-02-07,6,6.5,67.8
1022,2025-02-08,4,7.0,67.7
1022,2025-02-09,4,8.6,61.3
1022,2025-02-10,2,6.7,61.3
1022,2025-02-11,1,6.1,49.9
1022,2025-02-12,2,8.5,46.5
1022,2025-02-13,3,5.7,56.5
1022,2025-02-14,3,7.4,57.6
1022,2025-02-15,4,6.5,64.7
1022,2025-02-16,3,7.1,60.8
1022,2025-02-17,3,7.9,68.3
1022,2025-02-18,3,6.1,53.6
1022,2025-02-19,6,7.1,75.1
1022,2025-02-20,3,6.3,59.1
1022,2025-02-21,2,6.9,53.5
1022,2025-02-22,0,8.1,42.3
1022,2025-02-23,4,8.2,61.7
1022,2025-02-24,3,7.8,56.3
1022,2025-02-25,0,7.6,50.0
1022,2025-02-26,2,4.9,58.0
1022,2025-02-27,1,7.2,48.6
1022,2025-02-28,3,6.6,52.2
1022,2025-03-01,2,8.0,49.9
1022,2025-03-02,3,9.5,59.5
1023,2025-02-01,2,7.4,62.5
1023,2025-02-02,4,6.7,66.1
1023,2025-02-03,1,7.5,55.4
1023,2025-02-04,3,6.3,58.2
1023,2025-02-05,5,6.7,70.5
1023,2025-02-06,5,7.8,67.4
1023,2025-02-07,2,6.9,52.5
1023,2025-02-08,4,9.8,58.9
1023,2025-02-09,4,8.5,62.8
1023,2025-02-10,3,6.0,59.1
1023,2025-02-11,3,7.1,59.9
1023,2025-02-12,1,6.7,50.2
1023,2025-02-13,6,7.3,71.9
1023,2025-02-14,3,6.5,56.7
1023,2025-02-15,3,7.6,60.3
1023,2025-02-16,1,6.8,41.0
1023,2025-02-17,5,7.0,68.5
1023,2025-02-18,3,5.2,52.2
1023,2025-02-19,3,8.0,60.4
1023,2025-02-20,1,6.4,51.0
1023,2025-02-21,4,6.1,64.4
1023,2025-02-22,3,7.2,66.0
1023,2025-02-23,3,6.9,61.9
1023,2025-02-24,4,8.7,65.9
1023,2025-02-25,4,,73.7
1023,2025-02-26,1,7.9,44.0
1023,2025-02-27,3,7.4,58.2
1023,2025-02-28,0,7.0,56.8
1023,2025-03-01,3,8.4,59.9
1023,2025-03-02,7,7.8,72.3
1024,2025-02-01,1,6.2,46.3
1024,2025-02-02,3,6.3,58.7
1024,2025-02-03,3,9.1,67.6
1024,2025-02-04,4,8.2,68.4
1024,2025-02-05,4,8.6,56.1
1024,2025-02-06,5,6.4,62.4
1024,2025-02-07,5,6.8,62.6
1024,2025-02-08,4,6.7,58.1
1024,2025-02-09,0,7.0,48.4
1024,2025-02-10,5,7.2,75.6
1024,2025-02-11,4,8.6,59.8
1024,2025-02-12,2,7.3,52.0
1024,2025-02-13,0,,46.4
1024,2025-02-14,3,9.2,67.7
1024,2025-02-15,0,8.9,53.4
1024,2025-02-16,0,8.1,37.3
1024,2025-02-17,3,9.1,66.1
1024,2025-02-18,8,8.2,74.4
1024,2025-02-19,1,7.0,52.1
1024,2025-02-20,2,7.5,45.8
1024,2025-02-21,3,5.6,51.4
1024,2025-02-22,5,7.6,64.2
1024,2025-02-23,cinq,6.6,64.2
1024,2025-02-24,1,,43.3
1024,2025-02-25,6,7.8,74.6
1024,2025-02-26,1,7.1,49.7
1024,2025-02-27,4,6.9,65.7
1024,2025-02-28,6,9.1,75.3
1024,2025-03-01,2,7.3,56.6
1024,2025-03-02,4,8.3,65.0
1025,2025-02-01,3,5.7,55.0
1025,2025-02-02,1,7.3,52.2
1025,2025-02-03,6,5.6,72.2
1025,2025-02-04,5,6.3,71.3
1025,2025-02-05,2,7.6,56.8
1025,2025-02-06,3,8.5,66.5
1025,2025-02-07,6,7.9,69.1
1025,2025-02-08,1,6.5,56.7
1025,2025-02-09,0,7.9,110.0
1025,2025-02-10,6,8.3,66.2
1025,2025-02-11,4,8.4,63.3
1025,2025-02-12,7,8.2,67.4
1025,2025-02-13,1,6.7,46.9
1025,2025-02-14,3,7.9,65.2
1025,2025-02-15,5,7.2,65.8
1025,2025-02-16,4,7.0,65.7
1025,2025-02-17,0,7.9,46.3
1025,2025-02-18,2,6.2,47.1
1025,2025-02-19,3,7.8,49.1
1025,2025-02-20,0,6.4,40.2
1025,2025-02-21,2,7.7,59.1
1025,2025-02-22,5,8.1,72.4
1025,2025-02-23,1,8.1,53.3
1025,2025-02-24,0,8.8,49.1
1025,2025-02-25,2,5.8,54.8
1025,2025-02-26,deux,6.2,60.1
1025,2025-02-27,cinq,7.4,58.7
1025,2025-02-28,3,8.1,65.7
1025,2025-03-01,4,8.4,55.6
1025,2025-03-02,1,7.1,46.1
1026,2025-02-01,4,8.0,68.9
1026,2025-02-02,3,6.0,64.4
1026,2025-02-03,5,7.2,61.4
1026,2025-02-04,5,5.9,66.1
1026,2025-02-05,1,8.4,46.2
1026,2025-02-06,5,6.3,77.9
1026,2025-02-07,2,7.0,58.0
1026,2025-02-08,4,7.1,60.5
1026,2025-02-09,6,7.3,71.4
1026,2025-02-10,1,8.9,44.8
1026,2025-02-11,1,8.4,35.4
1026,2025-02-12,3,7.0,15.0
1026,2025-02-13,1,6.8,40.2
1026,2025-02-14,4,7.1,68.1
1026,2025-02-15,7,6.3,74.9
1026,2025-02-16,1,6.7,48.7
1026,2025-02-17,cinq,6.9,41.8
1026,2025-02-18,1,5.1,48.8
1026,2025-02-19,2,8.7,63.7
1026,2025-02-20,0,7.7,51.0
1026,2025-02-21,1,7.2,48.9
1026,2025-02-22,2,7.4,62.1
1026,2025-02-23,3,7.9,56.1
1026,2025-02-24,3,7.8,62.2
1026,2025-02-25,2,7.2,58.2
1026,2025-02-26,2,6.3,51.0
1026,2025-02-27,4,8.5,66.0
1026,2025-02-28,5,9.0,78.3
1026,2025-03-01,4,7.3,55.8
1026,2025-03-02,1,6.6,54.6
1027,2025-02-01,2,6.7,50.5
1027,2025-02-02,3,7.7,59.6
1027,2025-02-03,2,8.4,53.2
1027,2025-02-04,4,7.5,59.5
1027,2025-02-05,2,6.6,46.3
1027,2025-02-06,3,6.5,51.8
1027,2025-02-07,4,8.7,59.0
1027,2025-02-08,9,8.2,72.4
1027,2025-02-09,0,7.9,39.2
1027,2025-02-10,1,8.0,59.1
1027,2025-02-11,3,8.4,67.9
1027,2025-02-12,0,8.1,51.4
1027,2025-02-13,5,8.7,64.7
1027,2025-02-14,3,8.8,61.1
1027,2025-02-15,1,6.4,55.1
1027,2025-02-16,0,8.1,48.9
1027,2025-02-17,4,8.3,66.9
1027,2025-02-18,0,5.7,41.1
1027,2025-02-19,4,7.8,57.6
1027,2025-02-20,0,8.8,56.1
1027,2025-02-21,cinq,6.3,46.7
1027,2025-02-22,3,7.1,63.4
1027,2025-02-23,5,6.9,72.9
1027,2025-02-24,2,6.1,45.1
1027,2025-02-25,2,7.1,54.8
1027,2025-02-26,2,8.6,45.7
1027,2025-02-27,2,6.3,53.5
1027,2025-02-28,0,7.1,41.8
1027,2025-03-01,2,7.2,62.8
1027,2025-03-02,4,7.9,59.7
1028,2025-02-01,5,8.6,70.5
1028,2025-02-02,4,6.1,64.8
1028,2025-02-03,6,7.9,75.8
1028,2025-02-04,2,6.8,48.2
1028,2025-02-05,5,7.3,72.9
1028,2025-02-06,2,8.7,54.2
1028,2025-02-07,2,7.1,58.4
1028,2025-02-08,4,8.4,70.1
1028,2025-02-09,3,8.1,58.0
1028,2025-02-10,2,7.9,40.8
1028,2025-02-11,0,8.5,46.5
1028,2025-02-12,2,7.8,45.4
1028,2025-02-13,1,6.3,43.1
1028,2025-02-14,3,7.8,72.0
1028,2025-02-15,5,5.5,76.4
1028,2025-02-16,2,8.0,53.1
1028,2025-02-17,8,9.4,77.4
1028,2025-02-18,6,8.1,69.6
1028,2025-02-19,4,8.9,58.8
1028,2025-02-20,4,8.4,60.1
1028,2025-02-21,2,7.4,56.4
1028,2025-02-22,3,7.7,68.5
1028,2025-02-23,3,9.1,71.3
1028,2025-02-24,2,8.6,51.9
1028,2025-02-25,5,7.0,57.2
1028,2025-02-26,5,7.7,74.8
1028,2025-02-27,2,7.5,51.4
1028,2025-02-28,1,7.9,49.5
1028,2025-03-01,0,9.0,45.7
1028,2025-03-02,2,8.4,41.9
1029,2025-02-01,5,6.4,61.2
1029,2025-02-02,2,8.0,62.6
1029,2025-02-03,0,9.6,46.2
1029,2025-02-04,6,8.8,72.0
1029,2025-02-05,2,8.1,55.3
1029,2025-02-06,2,7.5,52.6
1029,2025-02-07,3 tasses,5.8,55.4
1029,2025-02-08,4,6.8,64.6
1029,2025-02-09,5,7.5,66.4
1029,2025-02-10,2,7.3,61.0
1029,2025-02-11,1,7.9,41.2
1029,2025-02-12,7,10.0,68.8
1029,2025-02-13,1,,45.9
1029,2025-02-14,6,7.2,63.8
1029,2025-02-15,3,7.5,51.9
1029,2025-02-16,5,5.7,77.5
1029,2025-02-17,4,7.2,64.2
1029,2025-02-18,1,7.4,45.4
1029,2025-02-19,4,,53.7
1029,2025-02-20,1,8.0,42.2
1029,2025-02-21,3,9.0,51.4
1029,2025-02-22,0,8.9,42.9
1029,2025-02-23,3 tasses,5.5,69.9
1029,2025-02-24,deux,7.5,51.6
1029,2025-02-25,6,7.1,68.1
1029,2025-02-26,11,7.6,75.9
1029,2025-02-27,0,,53.2
1029,2025-02-28,4,5.4,53.8
1029,2025-03-01,4,5.5,62.9
1029,2025-03-02,1,6.1,42.6
1030,2025-02-01,3,8.0,47.0
1030,2025-02-02,5,7.3,64.0
1030,2025-02-03,4,,70.8
1030,2025-02-04,3,6.8,50.5
1030,2025-02-05,3,7.7,56.4
1030,2025-02-06,3,6.9,56.0
1030,2025-02-07,3,7.9,56.0
1030,2025-02-08,4,6.8,58.7
1030,2025-02-09,2,6.4,50.8
1030,2025-02-10,3 tasses,,71.8
1030,2025-02-11,deux,6.6,66.0
1030,2025-02-12,3,8.5,59.2
1030,2025-02-13,2,7.2,43.8
1030,2025-02-14,1,8.8,54.3
1030,2025-02-15,5,9.0,67.2
1030,2025-02-16,5,8.7,64.9
1030,2025-02-17,cinq,8.3,52.3
1030,2025-02-18,3,5.3,53.4
1030,2025-02-19,2,6.8,54.6
1030,2025-02-20,1,7.2,48.3
1030,2025-02-21,3,,55.4
1030,2025-02-22,deux,10.3,54.7
1030,2025-02-23,7,9.4,64.7
1030,2025-02-24,5,7.9,73.6
1030,2025-02-25,1,8.0,46.2
1030,2025-02-26,1,7.6,53.4
1030,2025-02-27,4,8.6,59.0
1030,2025-02-28,6,7.6,66.3
1030,2025-03-01,5,7.4,63.4
1030,2025-03-02,2,7.4,44.9
1031,2025-02-01,6,8.1,72.4
1031,2025-02-02,2,8.7,62.5
1031,2025-02-03,1,7.6,51.4
1031,2025-02-04,5,8.2,69.8
1031,2025-02-05,3,6.1,59.3
1031,2025-02-06,3,6.2,67.0
1031,2025-02-07,3,8.2,57.5
1031,2025-02-08,1,8.3,58.4
1031,2025-02-09,5,8.0,66.3
1031,2025-02-10,4,8.3,61.4
1031,2025-02-11,4,7.3,52.8
1031,2025-02-12,1,7.4,50.3
1031,2025-02-13,0,8.5,46.8
1031,2025-02-14,0,8.2,43.6
1031,2025-02-15,1,8.2,54.1
1031,2025-02-16,3,7.9,59.4
1031,2025-02-17,4,7.4,52.4
1031,2025-02-18,1,6.7,48.1
1031,2025-02-19,3,9.1,58.7
1031,2025-02-20,4,7.4,63.9
1031,2025-02-21,4,8.6,68.5
1031,2025-02-22,0,6.8,43.6
1031,2025-02-23,5,7.8,66.6
1031,2025-02-24,1,8.3,55.4
1031,2025-02-25,1,5.9,49.3
1031,2025-02-26,3,9.0,55.7
1031,2025-02-27,2,6.7,48.4
1031,2025-02-28,3,8.4,63.0
1031,2025-03-01,1,8.6,49.8
1031,2025-03-02,0,8.2,50.6
1032,2025-02-01,2,7.5,53.1
1032,2025-02-02,3,7.3,59.7
1032,2025-02-03,0,7.0,44.5
1032,2025-02-04,4,5.3,68.6
1032,2025-02-05,3,8.5,60.4
1032,2025-02-06,6,7.9,64.1
1032,2025-02-07,4,7.6,60.0
1032,2025-02-08,3,,59.7
1032,2025-02-09,1,9.0,53.5
1032,2025-02-10,3,7.2,65.7
1032,2025-02-11,3,6.2,65.7
1032,2025-02-12,2,4.9,47.3
1032,2025-02-13,3,6.8,57.9
1032,2025-02-14,4,4.8,63.6
1032,2025-02-15,5,6.2,55.9
1032,2025-02-16,cinq,7.3,42.6
1032,2025-02-17,0,6.8,45.4
1032,2025-02-18,5,5.9,68.5
1032,2025-02-19,0,6.2,38.4
1032,2025-02-20,1,7.7,41.1
1032,2025-02-21,3,6.9,56.5
1032,2025-02-22,7,7.5,65.8
1032,2025-02-23,5,7.3,58.8
1032,2025-02-24,3,7.7,59.6
1032,2025-02-25,3,9.0,51.9
1032,2025-02-26,4,,57.3
1032,2025-02-27,2,5.6,51.2
1032,2025-02-28,5,5.9,74.9
1032,2025-03-01,1,6.6,56.6
1032,2025-03-02,2,7.1,53.3
1033,2025-02-01,4,7.3,65.1
1033,2025-02-02,4,7.8,60.3
1033,2025-02-03,6,9.5,78.2
1033,2025-02-04,3,6.9,57.5
1033,2025-02-05,1,8.6,15.0
1033,2025-02-06,5,5.3,67.8
1033,2025-02-07,1,7.1,54.3
1033,2025-02-08,2,7.4,53.7
1033,2025-02-09,4,8.4,64.3
1033,2025-02-10,2,7.7,51.8
1033,2025-02-11,6,7.4,77.7
1033,2025-02-12,5,7.8,69.5
1033,2025-02-13,4,8.1,57.3
1033,2025-02-14,7,7.7,78.9
1033,2025-02-15,3,7.7,55.5
1033,2025-02-16,2,5.6,63.7
1033,2025-02-17,5,6.9,67.9
1033,2025-02-18,4,6.4,59.5
1033,2025-02-19,3,9.0,15.0
1033,2025-02-20,4,9.4,68.9
1033,2025-02-21,1,7.1,49.3
1033,2025-02-22,2,5.6,59.0
1033,2025-02-23,1,6.9,51.4
1033,2025-02-24,3,6.7,66.4
1033,2025-02-25,1,8.3,52.3
1033,2025-02-26,4,6.0,62.8
1033,2025-02-27,4,7.9,62.2
1033,2025-02-28,3 tasses,4.9,50.3
1033,2025-03-01,1,8.8,53.9
1033,2025-03-02,1,9.3,46.5
1034,2025-02-01,2,6.5,59.4
1034,2025-02-02,3,7.6,54.0
1034,2025-02-03,5,7.3,65.7
1034,2025-02-04,5,7.4,64.0
1034,2025-02-05,3,6.8,64.8
1034,2025-02-06,2,7.7,57.3
1034,2025-02-07,2,7.8,48.4
1034,2025-02-08,5,7.7,64.9
1034,2025-02-09,4,7.2,53.2
1034,2025-02-10,0,7.5,45.0
1034,2025-02-11,4,7.8,60.9
1034,2025-02-12,3,7.5,63.7
1034,2025-02-13,4,6.1,70.7
1034,2025-02-14,6,7.2,74.7
1034,2025-02-15,8,7.5,73.3
1034,2025-02-16,4,8.9,54.5
1034,2025-02-17,3,8.9,62.5
1034,2025-02-18,4,7.8,69.6
1034,2025-02-19,4,9.3,62.4
1034,2025-02-20,0,8.7,43.9
1034,2025-02-21,3,7.8,56.3
1034,2025-02-22,1,8.6,36.0
1034,2025-02-23,7,7.6,61.8
1034,2025-02-24,cinq,7.7,59.3
1034,2025-02-25,4,7.5,59.4
1034,2025-02-26,3,8.3,55.8
1034,2025-02-27,5,6.8,69.0
1034,2025-02-28,5,7.6,60.5
1034,2025-03-01,4,8.1,59.8
1034,2025-03-02,4,6.7,67.4
1035,2025-02-01,3,7.5,54.0
1035,2025-02-02,deux,6.1,54.8
1035,2025-02-03,1,5.9,52.3
1035,2025-02-04,1,7.7,55.9
1035,2025-02-05,4,7.9,53.2
1035,2025-02-06,0,7.0,47.2
1035,2025-02-07,1,6.5,55.6
1035,2025-02-08,3,6.0,60.8
1035,2025-02-09,3 tasses,6.9,70.6
1035,2025-02-10,3,7.5,56.8
1035,2025-02-11,3,7.5,53.8
1035,2025-02-12,5,6.7,62.4
1035,2025-02-13,2,8.1,52.3
1035,2025-02-14,3,7.7,63.8
1035,2025-02-15,1,7.2,45.9
1035,2025-02-16,2,6.6,55.4
1035,2025-02-17,2,7.5,51.1
1035,2025-02-18,2,6.2,49.2
1035,2025-02-19,4,8.3,66.0
1035,2025-02-20,3,7.2,60.2
1035,2025-02-21,1,7.9,44.5
1035,2025-02-22,5,6.4,77.4
1035,2025-02-23,2,8.4,52.0
1035,2025-02-24,2,7.8,51.7
1035,2025-02-25,3,8.1,65.5
1035,2025-02-26,2,9.5,63.3
1035,2025-02-27,4,7.3,64.1
1035,2025-02-28,6,,69.3
1035,2025-03-01,3,7.0,54.4
1035,2025-03-02,5,7.9,63.2
1036,2025-02-01,5,6.9,74.7
1036,2025-02-02,1,7.4,53.0
1036,2025-02-03,1,7.5,54.3
1036,2025-02-04,1,,41.0
1036,2025-02-05,3,8.6,61.6
1036,2025-02-06,5,4.9,55.6
1036,2025-02-07,3,6.6,57.9
1036,2025-02-08,5,9.1,78.2
1036,2025-02-09,2,5.7,45.7
1036,2025-02-10,0,6.2,49.5
1036,2025-02-11,4,9.1,65.4
1036,2025-02-12,3,7.0,65.7
1036,2025-02-13,0,6.2,48.3
1036,2025-02-14,2,8.3,57.6
1036,2025-02-15,4,8.0,67.8
1036,2025-02-16,5,7.5,66.0
1036,2025-02-17,4,8.8,58.8
1036,2025-02-18,3,5.3,55.6
1036,2025-02-19,1,7.0,42.6
1036,2025-02-20,0,9.2,39.4
1036,2025-02-21,4,9.6,68.8
1036,2025-02-22,4,8.2,60.2
1036,2025-02-23,5,9.4,65.6
1036,2025-02-24,0,8.4,57.6
1036,2025-02-25,1,5.0,48.5
1036,2025-02-26,2,7.7,50.1
1036,2025-02-27,3,6.4,48.3
1036,2025-02-28,3,8.2,51.8
1036,2025-03-01,7,8.0,69.2
1036,2025-03-02,5,8.5,70.6
1037,2025-02-01,3,7.0,60.3
1037,2025-02-02,3,8.8,61.2
1037,2025-02-03,2,7.1,49.9
1037,2025-02-04,3 tasses,9.4,64.0
1037,2025-02-05,3,7.0,59.0
1037,2025-02-06,4,7.1,55.2
1037,2025-02-07,3,9.1,54.4
1037,2025-02-08,2,7.9,58.1
1037,2025-02-09,2,6.7,48.6
1037,2025-02-10,2,,52.7
1037,2025-02-11,2,7.0,110.0
1037,2025-02-12,2,7.7,53.6
1037,2025-02-13,3,6.2,55.2
1037,2025-02-14,0,7.3,39.4
1037,2025-02-15,0,7.7,39.9
1037,2025-02-16,2,7.9,58.0
1037,2025-02-17,2,8.6,60.7
1037,2025-02-18,3,7.4,54.9
1037,2025-02-19,3,8.3,64.7
1037,2025-02-20,1,7.4,52.6
1037,2025-02-21,0,,44.5
1037,2025-02-22,6,6.5,66.5
1037,2025-02-23,1,6.6,51.2
1037,2025-02-24,0,7.8,43.0
1037,2025-02-25,0,8.0,46.6
1037,2025-02-26,2,5.4,56.3
1037,2025-02-27,5,5.4,62.1
1037,2025-02-28,0,8.2,43.7
1037,2025-03-01,2,8.1,50.7
1037,2025-03-02,4,6.2,62.5
1038,2025-02-01,5,5.9,63.0
1038,2025-02-02,2,9.2,55.0
1038,2025-02-03,0,9.4,52.9
1038,2025-02-04,3,9.8,54.9
1038,2025-02-05,2,6.4,57.2
1038,2025-02-06,7,8.5,67.1
1038,2025-02-07,2,5.1,58.2
1038,2025-02-08,1,7.4,41.0
1038,2025-02-09,2,7.6,54.8
1038,2025-02-10,4,9.0,68.3
1038,2025-02-11,5,8.3,15.0
1038,2025-02-12,3,8.6,47.6
1038,2025-02-13,4,6.7,66.0
1038,2025-02-14,3,7.9,64.9
1038,2025-02-15,2,6.7,55.5
1038,2025-02-16,2,6.0,48.2
1038,2025-02-17,deux,5.6,49.4
1038,2025-02-18,5,8.0,61.7
1038,2025-02-19,3,6.7,64.5
1038,2025-02-20,deux,7.4,46.9
1038,2025-02-21,3,7.7,60.2
1038,2025-02-22,2,6.8,48.1
1038,2025-02-23,2,8.2,63.8
1038,2025-02-24,3 tasses,8.2,48.2
1038,2025-02-25,4,7.8,54.1
1038,2025-02-26,0,8.5,43.8
1038,2025-02-27,3,8.2,61.9
1038,2025-02-28,4,8.7,55.0
1038,2025-03-01,4,8.0,53.9
1038,2025-03-02,4,9.0,61.5
1039,2025-02-01,4,6.6,64.4
1039,2025-02-02,2,7.1,62.6
1039,2025-02-03,3,7.8,62.8
1039,2025-02-04,3,8.3,63.0
1039,2025-02-05,2,6.4,54.9
1039,2025-02-06,2,8.5,15.0
1039,2025-02-07,5,7.5,73.8
1039,2025-02-08,4,9.3,65.8
1039,2025-02-09,1,7.7,49.3
1039,2025-02-10,2,6.9,58.2
1039,2025-02-11,5,7.0,61.2
1039,2025-02-12,4,7.5,75.9
1039,2025-02-13,3,7.5,62.5
1039,2025-02-14,3 tasses,7.2,62.7
1039,2025-02-15,3,7.9,56.3
1039,2025-02-16,2,7.4,56.8
1039,2025-02-17,3 tasses,6.8,51.4
1039,2025-02-18,0,6.7,42.3
1039,2025-02-19,3,6.1,49.9
1039,2025-02-20,5,6.9,69.5
1039,2025-02-21,2,7.6,54.0
1039,2025-02-22,5,7.3,66.9
1039,2025-02-23,1,,51.2
1039,2025-02-24,4,7.7,68.2
1039,2025-02-25,3,7.1,59.6
1039,2025-02-26,cinq,6.1,65.2
1039,2025-02-27,3,8.7,56.6
1039,2025-02-28,3 tasses,7.6,59.4
1039,2025-03-01,4,7.4,55.5
1039,2025-03-02,6,6.7,70.3
1040,2025-02-01,4,6.4,59.8
1040,2025-02-02,3,5.9,59.6
1040,2025-02-03,1,8.2,55.4
1040,2025-02-04,4,8.4,61.8
1040,2025-02-05,1,8.6,46.4
1040,2025-02-06,3,6.6,53.3
1040,2025-02-07,4,7.6,55.3
1040,2025-02-08,2,9.4,57.0
1040,2025-02-09,2,7.1,54.3
1040,2025-02-10,2,8.9,56.6
1040,2025-02-11,0,8.3,49.5
1040,2025-02-12,4,8.2,69.7
1040,2025-02-13,4,6.4,71.8
1040,2025-02-14,0,8.0,34.8
1040,2025-02-15,3,7.1,63.1
1040,2025-02-16,3,8.0,52.4
1040,2025-02-17,5,8.5,67.7
1040,2025-02-18,1,8.7,41.0
1040,2025-02-19,3,7.2,60.7
1040,2025-02-20,2,8.4,48.5
1040,2025-02-21,5,7.4,65.1
1040,2025-02-22,4,8.4,62.1
1040,2025-02-23,3,6.7,49.7
1040,2025-02-24,2,7.6,52.3
1040,2025-02-25,2,6.4,49.1
1040,2025-02-26,1,7.6,51.8
1040,2025-02-27,3,8.0,53.5
1040,2025-02-28,3,7.0,57.7
1040,2025-03-01,0,6.3,45.2
1040,2025-03-02,2,6.8,52.8
1041,2025-02-01,4,8.4,54.5
1041,2025-02-02,2,7.7,56.2
1041,2025-02-03,4,7.8,59.6
1041,2025-02-04,3,7.5,52.5
1041,2025-02-05,2,7.8,57.8
1041,2025-02-06,2,9.4,41.8
1041,2025-02-07,3,7.5,63.3
1041,2025-02-08,2,,51.4
1041,2025-02-09,5,8.6,65.5
1041,2025-02-10,1,6.6,42.7
1041,2025-02-11,5,7.5,71.8
1041,2025-02-12,3 tasses,9.6,60.8
1041,2025-02-13,5,8.0,61.9
1041,2025-02-14,5,8.8,70.2
1041,2025-02-15,3,6.0,58.0
1041,2025-02-16,5,9.6,72.7
1041,2025-02-17,1,9.0,47.2
1041,2025-02-18,2,9.4,56.7
1041,2025-02-19,3,7.1,60.5
1041,2025-02-20,2,8.4,51.7
1041,2025-02-21,4,8.0,69.2
1041,2025-02-22,deux,6.2,56.8
1041,2025-02-23,4,9.3,73.1
1041,2025-02-24,5,6.7,69.3
1041,2025-02-25,3,,63.0
1041,2025-02-26,1,6.6,40.9
1041,2025-02-27,1,6.7,48.6
1041,2025-02-28,5,7.0,72.5
1041,2025-03-01,7,8.7,67.3
1041,2025-03-02,2,8.5,50.5
1042,2025-02-01,3,7.9,110.0
1042,2025-02-02,3,6.3,56.4
1042,2025-02-03,5,7.5,76.0
1042,2025-02-04,3,6.2,54.3
1042,2025-02-05,4,8.7,63.5
1042,2025-02-06,3,7.9,60.8
1042,2025-02-07,2,5.8,57.0
1042,2025-02-08,3,7.9,57.5
1042,2025-02-09,4,6.6,61.1
1042,2025-02-10,1,7.1,43.0
1042,2025-02-11,4,8.9,56.7
1042,2025-02-12,3,7.3,65.8
1042,2025-02-13,3,8.6,61.7
1042,2025-02-14,3,6.9,59.8
1042,2025-02-15,1,7.1,40.5
1042,2025-02-16,5,7.6,73.8
1042,2025-02-17,3,7.7,61.4
1042,2025-02-18,3,7.3,56.8
1042,2025-02-19,1,7.2,54.5
1042,2025-02-20,2,9.4,45.4
1042,2025-02-21,5,7.3,69.8
1042,2025-02-22,cinq,6.2,56.5
1042,2025-02-23,4,8.8,61.3
1042,2025-02-24,4,6.0,62.8
1042,2025-02-25,2,5.9,63.0
1042,2025-02-26,3,7.3,68.5
1042,2025-02-27,2,7.6,59.3
1042,2025-02-28,3 tasses,8.0,72.6
1042,2025-03-01,7,7.5,71.0
1042,2025-03-02,3,7.1,52.9
1043,2025-02-01,1,7.4,56.3
1043,2025-02-02,2,8.2,59.7
1043,2025-02-03,4,8.3,57.4
1043,2025-02-04,3,6.0,55.4
1043,2025-02-05,1,7.9,43.5
1043,2025-02-06,deux,8.1,55.8
1043,2025-02-07,4,6.5,65.2
1043,2025-02-08,6,6.4,73.9
1043,2025-02-09,6,,75.6
1043,2025-02-10,2,9.2,52.4
1043,2025-02-11,1,5.6,49.8
1043,2025-02-12,1,7.5,52.7
1043,2025-02-13,2,7.7,53.1
1043,2025-02-14,2,7.4,55.0
1043,2025-02-15,cinq,7.0,56.3
1043,2025-02-16,4,8.8,59.1
1043,2025-02-17,2,7.3,47.5
1043,2025-02-18,3,6.2,63.0
1043,2025-02-19,4,6.6,57.3
1043,2025-02-20,3,7.8,55.7
1043,2025-02-21,1,8.3,55.5
1043,2025-02-22,5,5.9,65.5
1043,2025-02-23,3,7.5,62.6
1043,2025-02-24,4,6.6,57.3
1043,2025-02-25,3,8.3,53.8
1043,2025-02-26,1,6.5,47.3
1043,2025-02-27,0,6.7,47.1
1043,2025-02-28,5,9.5,66.9
1043,2025-03-01,deux,8.5,42.8
1043,2025-03-02,3,8.8,59.4
1044,2025-02-01,1,7.9,52.8
1044,2025-02-02,0,8.9,37.0
1044,2025-02-03,4,8.9,67.6
1044,2025-02-04,4,7.6,60.8
1044,2025-02-05,1,5.9,37.3
1044,2025-02-06,4,7.2,71.4
1044,2025-02-07,3,7.1,57.7
1044,2025-02-08,3,5.2,65.8
1044,2025-02-09,deux,9.1,54.2
1044,2025-02-10,3,8.7,59.5
1044,2025-02-11,0,6.7,45.6
1044,2025-02-12,deux,7.6,62.5
1044,2025-02-13,1,7.4,51.5
1044,2025-02-14,5,7.6,68.7
1044,2025-02-15,5,4.5,69.7
1044,2025-02-16,6,7.1,68.4
1044,2025-02-17,3,7.2,52.9
1044,2025-02-18,6,7.7,84.8
1044,2025-02-19,1,6.6,41.9
1044,2025-02-20,5,5.8,67.8
1044,2025-02-21,1,7.7,52.1
1044,2025-02-22,3,8.3,65.8
1044,2025-02-23,1,7.3,53.1
1044,2025-02-24,1,9.4,48.2
1044,2025-02-25,7,6.1,77.0
1044,2025-02-26,cinq,8.5,46.4
1044,2025-02-27,1,7.7,48.3
1044,2025-02-28,2,8.9,51.4
1044,2025-03-01,3,6.1,63.9
1044,2025-03-02,1,7.9,53.2
1045,2025-02-01,3,7.5,56.1
1045,2025-02-02,3,7.0,61.9
1045,2025-02-03,4,7.0,57.0
1045,2025-02-04,1,8.1,47.8
1045,2025-02-05,0,,45.1
1045,2025-02-06,3,,61.3
1045,2025-02-07,3,7.1,61.6
1045,2025-02-08,2,6.5,51.9
1045,2025-02-09,4,6.6,66.2
1045,2025-02-10,3,6.9,58.5
1045,2025-02-11,2,7.3,57.1
1045,2025-02-12,3,7.5,58.7
1045,2025-02-13,3,7.2,51.4
1045,2025-02-14,0,6.1,51.7
1045,2025-02-15,4,6.8,61.4
1045,2025-02-16,0,8.0,47.6
1045,2025-02-17,1,9.8,42.4
1045,2025-02-18,1,10.2,51.0
1045,2025-02-19,5,6.2,70.2
1045,2025-02-20,2,7.2,50.8
1045,2025-02-21,4,7.4,62.8
1045,2025-02-22,4,7.2,67.9
1045,2025-02-23,4,6.2,59.2
1045,2025-02-24,4,7.9,62.2
1045,2025-02-25,0,7.9,43.3
1045,2025-02-26,1,8.2,48.0
1045,2025-02-27,3,8.7,60.1
1045,2025-02-28,3 tasses,7.9,63.0
1045,2025-03-01,0,5.7,38.4
1045,2025-03-02,5,6.9,77.6
1046,2025-02-01,3,7.2,57.6
1046,2025-02-02,0,6.9,41.1
1046,2025-02-03,2,6.4,54.5
1046,2025-02-04,2,7.2,54.4
1046,2025-02-05,3,9.0,65.7
1046,2025-02-06,2,8.6,49.4
1046,2025-02-07,3,,60.5
1046,2025-02-08,deux,8.0,38.7
1046,2025-02-09,3 tasses,7.9,52.7
1046,2025-02-10,4,8.2,61.3
1046,2025-02-11,4,9.6,67.0
1046,2025-02-12,5,7.2,73.9
1046,2025-02-13,1,6.8,45.6
1046,2025-02-14,0,6.7,37.4
1046,2025-02-15,deux,6.9,51.4
1046,2025-02-16,4,7.7,63.5
1046,2025-02-17,3,8.1,54.4
1046,2025-02-18,4,,59.8
1046,2025-02-19,2,6.1,54.5
1046,2025-02-20,2,8.6,52.6
1046,2025-02-21,4,8.4,65.1
1046,2025-02-22,2,7.4,47.1
1046,2025-02-23,4,9.6,67.2
1046,2025-02-24,2,7.1,58.4
1046,2025-02-25,0,6.3,41.4
1046,2025-02-26,2,5.7,55.7
1046,2025-02-27,2,7.1,54.3
1046,2025-02-28,0,7.4,37.4
1046,2025-03-01,4,8.5,65.8
1046,2025-03-02,2,7.9,52.4
1047,2025-02-01,3,,45.4
1047,2025-02-02,0,7.3,40.8
1047,2025-02-03,3,7.5,47.7
1047,2025-02-04,2,7.1,48.8
1047,2025-02-05,3,8.2,51.1
1047,2025-02-06,4,7.8,65.7
1047,2025-02-07,5,6.9,71.9
1047,2025-02-08,5,6.1,67.7
1047,2025-02-09,3,8.6,70.4
1047,2025-02-10,4,9.4,72.2
1047,2025-02-11,2,8.0,53.3
1047,2025-02-12,4,8.1,66.7
1047,2025-02-13,2,7.3,57.3
1047,2025-02-14,3,6.8,57.5
1047,2025-02-15,5,6.5,67.0
1047,2025-02-16,1,8.5,61.8
1047,2025-02-17,5,6.9,64.7
1047,2025-02-18,5,8.3,75.0
1047,2025-02-19,3,6.4,58.4
1047,2025-02-20,3,9.7,61.4
1047,2025-02-21,0,8.1,50.3
1047,2025-02-22,5,8.3,68.5
1047,2025-02-23,3,6.4,66.4
1047,2025-02-24,4,,63.4
1047,2025-02-25,1,7.6,55.6
1047,2025-02-26,4,8.5,67.7
1047,2025-02-27,4,7.3,61.2
1047,2025-02-28,6,8.0,74.2
1047,2025-03-01,4,7.2,64.9
1047,2025-03-02,2,7.0,57.4
1048,2025-02-01,4,4.5,66.5
1048,2025-02-02,5,7.2,67.5
1048,2025-02-03,4,6.8,50.4
1048,2025-02-04,0,,43.7
1048,2025-02-05,4,8.6,62.0
1048,2025-02-06,2,6.4,50.7
1048,2025-02-07,2,7.6,50.6
1048,2025-02-08,2,7.1,54.2
1048,2025-02-09,4,7.9,58.8
1048,2025-02-10,2,8.3,59.0
1048,2025-02-11,1,6.1,57.1
1048,2025-02-12,cinq,9.8,60.7
1048,2025-02-13,0,6.8,37.0
1048,2025-02-14,2,7.6,60.0
1048,2025-02-15,2,6.8,50.4
1048,2025-02-16,2,5.2,49.7
1048,2025-02-17,5,7.0,63.7
1048,2025-02-18,3,8.3,68.2
1048,2025-02-19,4,9.2,62.5
1048,2025-02-20,2,8.0,57.0
1048,2025-02-21,3,6.4,43.9
1048,2025-02-22,2,7.4,66.0
1048,2025-02-23,1,9.6,53.7
1048,2025-02-24,5,8.0,77.2
1048,2025-02-25,2,8.3,47.9
1048,2025-02-26,2,8.1,58.5
1048,2025-02-27,4,,58.6
1048,2025-02-28,1,7.3,42.6
1048,2025-03-01,2,6.8,59.8
1048,2025-03-02,2,9.5,51.7
1049,2025-02-01,4,7.7,63.2
1049,2025-02-02,4,7.4,59.7
1049,2025-02-03,4,6.5,60.9
1049,2025-02-04,4,7.3,64.9
1049,2025-02-05,3,6.9,57.6
1049,2025-02-06,1,8.5,47.5
1049,2025-02-07,5,7.2,69.8
1049,2025-02-08,1,8.4,36.5
1049,2025-02-09,3,7.0,52.6
1049,2025-02-10,8,6.2,81.9
1049,2025-02-11,6,6.1,71.4
1049,2025-02-12,3,6.8,58.0
1049,2025-02-13,3,8.6,52.5
1049,2025-02-14,3,7.0,55.3
1049,2025-02-15,3,7.2,47.1
1049,2025-02-16,3,5.6,63.3
1049,2025-02-17,3,7.1,51.4
1049,2025-02-18,3,7.4,58.2
1049,2025-02-19,3,8.0,59.6
1049,2025-02-20,6,8.0,73.0
1049,2025-02-21,3,6.5,50.8
1049,2025-02-22,0,8.0,44.5
1049,2025-02-23,4,8.9,62.0
1049,2025-02-24,1,8.4,48.1
1049,2025-02-25,2,,56.3
1049,2025-02-26,4,,57.3
1049,2025-02-27,1,7.6,50.6
1049,2025-02-28,5,8.5,67.8
1049,2025-03-01,5,7.4,66.8
1049,2025-03-02,2,6.3,46.0
1050,2025-02-01,3,8.4,54.9
1050,2025-02-02,5,8.8,65.4
1050,2025-02-03,0,7.2,39.6
1050,2025-02-04,5,7.6,58.5
1050,2025-02-05,4,8.5,63.0
1050,2025-02-06,2,7.8,61.9
1050,2025-02-07,5,6.2,68.1
1050,2025-02-08,1,7.0,55.7
1050,2025-02-09,3,6.5,56.8
1050,2025-02-10,4,6.9,63.8
1050,2025-02-11,2,7.1,66.6
1050,2025-02-12,5,7.6,69.9
1050,2025-02-13,3,6.0,52.9
1050,2025-02-14,5,8.7,67.6
1050,2025-02-15,2,5.9,64.7
1050,2025-02-16,1,6.7,46.4
1050,2025-02-17,1,7.4,15.0
1050,2025-02-18,0,5.5,45.7
1050,2025-02-19,2,8.2,57.1
1050,2025-02-20,3,8.0,63.4
1050,2025-02-21,4,4.9,61.9
1050,2025-02-22,2,6.6,46.4
1050,2025-02-23,4,7.7,60.3
1050,2025-02-24,2,6.4,45.4
1050,2025-02-25,1,6.5,54.1
1050,2025-02-26,3,,58.8
1050,2025-02-27,2,8.4,60.5
1050,2025-02-28,4,7.9,57.8
1050,2025-03-01,5,8.1,65.7
1050,2025-03-02,1,7.1,49.4
1051,2025-02-01,4,8.8,67.3
1051,2025-02-02,3,7.3,63.8
1051,2025-02-03,4,6.3,53.2
1051,2025-02-04,4,7.1,68.2
1051,2025-02-05,5,6.9,77.4
1051,2025-02-06,1,7.6,43.4
1051,2025-02-07,4,8.7,66.0
1051,2025-02-08,2,6.3,51.9
1051,2025-02-09,4,6.5,55.3
1051,2025-02-10,0,7.3,39.1
1051,2025-02-11,4,7.4,61.7
1051,2025-02-12,7,7.9,63.4
1051,2025-02-13,0,9.4,45.2
1051,2025-02-14,2,7.7,48.5
1051,2025-02-15,3,8.5,57.0
1051,2025-02-16,2,6.8,58.1
1051,2025-02-17,4,9.4,71.7
1051,2025-02-18,3,8.1,56.5
1051,2025-02-19,2,6.9,50.5
1051,2025-02-20,5,7.0,65.7
1051,2025-02-21,4,7.7,63.5
1051,2025-02-22,5,6.9,64.0
1051,2025-02-23,0,8.1,47.8
1051,2025-02-24,5,7.3,67.0
1051,2025-02-25,5,7.1,67.6
1051,2025-02-26,0,8.7,47.6
1051,2025-02-27,3,8.4,58.2
1051,2025-02-28,5,7.8,65.2
1051,2025-03-01,1,8.3,53.9
1051,2025-03-02,5,8.1,66.7
1052,2025-02-01,3,7.6,57.5
1052,2025-02-02,1,6.5,15.0
1052,2025-02-03,2,7.3,46.5
1052,2025-02-04,0,6.8,48.8
1052,2025-02-05,4,7.7,60.0
1052,2025-02-06,7,8.9,70.7
1052,2025-02-07,6,7.9,77.1
1052,2025-02-08,5,5.8,62.3
1052,2025-02-09,2,6.8,56.4
1052,2025-02-10,4,7.1,60.4
1052,2025-02-11,5,7.0,73.1
1052,2025-02-12,3,7.7,53.9
1052,2025-02-13,4,6.4,66.5
1052,2025-02-14,4,8.1,65.7
1052,2025-02-15,5,7.9,59.0
1052,2025-02-16,4,6.7,56.5
1052,2025-02-17,1,6.9,52.5
1052,2025-02-18,3,8.4,55.1
1052,2025-02-19,3,6.9,48.7
1052,2025-02-20,3,10.0,52.1
1052,2025-02-21,4,8.4,63.5
1052,2025-02-22,1,9.6,52.2
1052,2025-02-23,6,5.9,69.2
1052,2025-02-24,1,8.5,41.7
1052,2025-02-25,3,,49.5
1052,2025-02-26,3 tasses,7.2,44.4
1052,2025-02-27,3,7.5,59.7
1052,2025-02-28,2,8.1,44.3
1052,2025-03-01,1,8.9,47.4
1052,2025-03-02,1,8.7,50.3
1053,2025-02-01,3,6.0,63.0
1053,2025-02-02,5,7.6,73.7
1053,2025-02-03,3,6.3,55.8
1053,2025-02-04,4,7.0,65.6
1053,2025-02-05,4,8.6,62.8
1053,2025-02-06,4,8.0,62.0
1053,2025-02-07,0,9.1,44.6
1053,2025-02-08,3,8.7,57.4
1053,2025-02-09,3,7.1,56.1
1053,2025-02-10,3,9.2,49.8
1053,2025-02-11,3,7.3,67.8
1053,2025-02-12,4,7.0,69.8
1053,2025-02-13,2,8.4,48.7
1053,2025-02-14,6,7.6,66.7
1053,2025-02-15,0,7.6,49.2
1053,2025-02-16,8,8.7,72.0
1053,2025-02-17,1,7.3,57.7
1053,2025-02-18,7,6.9,70.7
1053,2025-02-19,6,8.9,69.3
1053,2025-02-20,4,7.0,68.6
1053,2025-02-21,3,7.1,62.5
1053,2025-02-22,3,8.3,53.5
1053,2025-02-23,2,7.4,50.3
1053,2025-02-24,2,7.4,50.9
1053,2025-02-25,6,6.7,71.4
1053,2025-02-26,3,,56.7
1053,2025-02-27,5,8.5,64.5
1053,2025-02-28,5,6.9,66.9
1053,2025-03-01,3,6.4,55.1
1053,2025-03-02,0,5.6,45.5
1054,2025-02-01,1,9.0,47.1
1054,2025-02-02,4,8.2,59.5
1054,2025-02-03,2,7.0,55.2
1054,2025-02-04,8,7.7,69.4
1054,2025-02-05,4,6.4,59.1
1054,2025-02-06,6,7.2,67.9
1054,2025-02-07,1,7.4,43.6
1054,2025-02-08,5,,64.6
1054,2025-02-09,6,7.0,70.7
1054,2025-02-10,deux,7.8,48.8
1054,2025-02-11,3,8.7,50.4
1054,2025-02-12,5,7.1,66.7
1054,2025-02-13,deux,8.3,43.9
1054,2025-02-14,0,8.1,50.5
1054,2025-02-15,6,7.5,63.6
1054,2025-02-16,3 tasses,9.1,62.6
1054,2025-02-17,5,6.8,65.4
1054,2025-02-18,6,8.0,76.1
1054,2025-02-19,5,8.8,65.2
1054,2025-02-20,cinq,,49.7
1054,2025-02-21,3,6.0,60.0
1054,2025-02-22,4,7.2,61.7
1054,2025-02-23,0,7.3,49.8
1054,2025-02-24,3,7.4,52.9
1054,2025-02-25,2,6.8,48.9
1054,2025-02-26,cinq,4.9,48.9
1054,2025-02-27,6,7.0,77.5
1054,2025-02-28,5,6.9,66.5
1054,2025-03-01,2,6.9,56.7
1054,2025-03-02,4,6.8,59.3
1055,2025-02-01,3,7.4,50.9
1055,2025-02-02,4,,58.8
1055,2025-02-03,3,8.0,54.1
1055,2025-02-04,3,7.0,46.1
1055,2025-02-05,2,6.4,53.4
1055,2025-02-06,1,7.0,48.4
1055,2025-02-07,3,7.2,63.8
1055,2025-02-08,3,8.0,57.5
1055,2025-02-09,0,6.2,38.0
1055,2025-02-10,2,8.8,54.5
1055,2025-02-11,4,6.5,62.8
1055,2025-02-12,5,8.3,64.2
1055,2025-02-13,3,8.4,54.8
1055,2025-02-14,3,5.6,62.0
1055,2025-02-15,4,5.7,61.7
1055,2025-02-16,5,6.4,68.5
1055,2025-02-17,2,8.4,44.4
1055,2025-02-18,0,6.7,44.7
1055,2025-02-19,3,5.8,60.1
1055,2025-02-20,3 tasses,5.1,59.6
1055,2025-02-21,0,6.1,39.5
1055,2025-02-22,5,8.6,63.7
1055,2025-02-23,1,7.2,58.8
1055,2025-02-24,2,7.8,55.5
1055,2025-02-25,0,7.8,50.0
1055,2025-02-26,3,6.1,53.3
1055,2025-02-27,1,7.3,43.5
1055,2025-02-28,1,7.4,45.3
1055,2025-03-01,1,9.4,45.7
1055,2025-03-02,6,7.9,70.9
1056,2025-02-01,3 tasses,8.6,52.9
1056,2025-02-02,3,6.7,60.9
1056,2025-02-03,1,9.2,44.7
1056,2025-02-04,3,7.8,62.7
1056,2025-02-05,2,6.9,54.0
1056,2025-02-06,2,7.2,60.6
1056,2025-02-07,1,5.4,45.4
1056,2025-02-08,1,7.9,46.4
1056,2025-02-09,5,7.1,60.7
1056,2025-02-10,4,6.6,52.5
1056,2025-02-11,3,6.7,60.0
1056,2025-02-12,0,8.2,45.5
1056,2025-02-13,2,8.4,49.0
1056,2025-02-14,4,8.0,62.6
1056,2025-02-15,4,7.6,64.2
1056,2025-02-16,4,7.6,66.7
1056,2025-02-17,5,7.8,70.8
1056,2025-02-18,3,8.7,59.4
1056,2025-02-19,4,6.2,65.4
1056,2025-02-20,3,7.9,61.2
1056,2025-02-21,4,8.0,61.5
1056,2025-02-22,6,8.5,71.0
1056,2025-02-23,3,4.8,52.9
1056,2025-02-24,2,7.3,59.6
1056,2025-02-25,2,6.4,56.1
1056,2025-02-26,4,7.2,67.9
1056,2025-02-27,5,5.8,70.0
1056,2025-02-28,0,7.3,55.3
1056,2025-03-01,4,6.8,65.8
1056,2025-03-02,2,7.7,49.2
1057,2025-02-01,2,8.5,61.6
1057,2025-02-02,3,8.2,55.5
1057,2025-02-03,1,7.6,49.6
1057,2025-02-04,7,7.3,70.5
1057,2025-02-05,4,6.9,58.8
1057,2025-02-06,4,6.0,64.9
1057,2025-02-07,2,8.1,59.9
1057,2025-02-08,2,7.2,58.5
1057,2025-02-09,3,,59.6
1057,2025-02-10,5,6.3,63.2
1057,2025-02-11,5,6.6,74.5
1057,2025-02-12,2,6.1,52.7
1057,2025-02-13,1,8.0,38.7
1057,2025-02-14,6,7.5,74.9
1057,2025-02-15,4,7.6,64.9
1057,2025-02-16,2,8.2,43.2
1057,2025-02-17,6,7.1,76.2
1057,2025-02-18,5,7.0,67.1
1057,2025-02-19,cinq,6.4,44.7
1057,2025-02-20,4,9.2,60.5
1057,2025-02-21,5,6.8,71.0
1057,2025-02-22,4,6.2,69.2
1057,2025-02-23,5,9.7,68.7
1057,2025-02-24,6,8.5,74.1
1057,2025-02-25,3,8.4,63.0
1057,2025-02-26,2,8.2,57.1
1057,2025-02-27,4,4.5,66.4
1057,2025-02-28,4,7.4,59.3
1057,2025-03-01,5,7.6,68.0
1057,2025-03-02,7,8.5,71.0
1058,2025-02-01,3,6.7,52.8
1058,2025-02-02,3,7.9,54.7
1058,2025-02-03,4,6.5,62.1
1058,2025-02-04,4,9.4,70.1
1058,2025-02-05,5,7.6,71.8
1058,2025-02-06,3,8.1,52.4
1058,2025-02-07,4,6.3,68.4
1058,2025-02-08,4,9.0,57.5
1058,2025-02-09,7,7.5,77.8
1058,2025-02-10,5,6.6,69.6
1058,2025-02-11,3,8.3,50.0
1058,2025-02-12,1,8.7,44.7
1058,2025-02-13,3,7.3,60.0
1058,2025-02-14,2,8.8,55.6
1058,2025-02-15,6,8.3,73.3
1058,2025-02-16,0,8.1,48.0
1058,2025-02-17,5,7.7,53.5
1058,2025-02-18,3,8.2,58.9
1058,2025-02-19,2,8.4,44.8
1058,2025-02-20,3,7.2,53.6
1058,2025-02-21,4,9.0,58.9
1058,2025-02-22,4,8.0,57.4
1058,2025-02-23,4,,60.0
1058,2025-02-24,2,,46.2
1058,2025-02-25,5,7.3,63.0
1058,2025-02-26,2,8.7,60.3
1058,2025-02-27,1,7.9,51.2
1058,2025-02-28,3,8.0,62.3
1058,2025-03-01,1,5.9,43.9
1058,2025-03-02,2,7.3,58.3
1059,2025-02-01,3,7.1,50.1
1059,2025-02-02,5,6.6,73.9
1059,2025-02-03,2,6.4,54.1
1059,2025-02-04,2,7.2,54.0
1059,2025-02-05,4,9.3,47.2
1059,2025-02-06,2,7.6,47.6
1059,2025-02-07,4,7.7,54.5
1059,2025-02-08,3,6.7,57.0
1059,2025-02-09,6,5.9,75.3
1059,2025-02-10,1,6.4,46.3
1059,2025-02-11,1,10.6,60.2
1059,2025-02-12,0,6.2,35.6
1059,2025-02-13,1,7.5,50.2
1059,2025-02-14,cinq,6.1,39.0
1059,2025-02-15,4,8.1,59.1
1059,2025-02-16,6,6.4,73.7
1059,2025-02-17,1,8.4,49.9
1059,2025-02-18,4,6.2,57.9
1059,2025-02-19,5,7.1,63.9
1059,2025-02-20,3,8.3,63.9
1059,2025-02-21,4,7.9,68.6
1059,2025-02-22,7,7.4,72.0
1059,2025-02-23,4,9.4,62.4
1059,2025-02-24,6,7.6,66.4
1059,2025-02-25,1,9.2,50.2
1059,2025-02-26,3,7.8,45.2
1059,2025-02-27,3,7.3,57.3
1059,2025-02-28,3,6.5,53.5
1059,2025-03-01,cinq,7.8,34.9
1059,2025-03-02,1,7.1,43.4
1060,2025-02-01,0,6.8,56.9
1060,2025-02-02,4,8.3,61.9
1060,2025-02-03,4,6.1,60.5
1060,2025-02-04,2,8.0,58.7
1060,2025-02-05,3,7.3,61.9
1060,2025-02-06,2,9.0,50.0
1060,2025-02-07,0,6.1,42.6
1060,2025-02-08,7,6.5,79.6
1060,2025-02-09,3,6.5,56.5
1060,2025-02-10,4,7.2,58.1
1060,2025-02-11,2,8.5,66.3
1060,2025-02-12,4,9.1,66.6
1060,2025-02-13,4,8.0,64.3
1060,2025-02-14,3 tasses,7.3,68.0
1060,2025-02-15,0,7.6,45.7
1060,2025-02-16,3,8.1,60.7
1060,2025-02-17,4,7.7,64.4
1060,2025-02-18,3,8.8,58.4
1060,2025-02-19,2,7.3,59.6
1060,2025-02-20,5,7.7,72.5
1060,2025-02-21,2,8.4,50.4
1060,2025-02-22,4,,55.7
1060,2025-02-23,3,7.5,62.4
1060,2025-02-24,4,9.1,60.9
1060,2025-02-25,5,6.7,68.0
1060,2025-02-26,2,6.6,66.8
1060,2025-02-27,2,8.1,54.7
1060,2025-02-28,4,7.5,65.1
1060,2025-03-01,7,6.8,70.0
1060,2025-03-02,2,7.2,54.7
1061,2025-02-01,1,7.9,45.1
1061,2025-02-02,0,8.4,51.8
1061,2025-02-03,3,8.1,57.3
1061,2025-02-04,0,9.3,35.7
1061,2025-02-05,cinq,8.4,42.4
1061,2025-02-06,5,9.0,61.3
1061,2025-02-07,1,8.2,50.0
1061,2025-02-08,3,8.3,55.2
1061,2025-02-09,deux,5.8,44.5
1061,2025-02-10,6,8.5,78.6
1061,2025-02-11,2,6.2,48.5
1061,2025-02-12,3,6.0,52.2
1061,2025-02-13,5,7.2,71.0
1061,2025-02-14,5,8.0,71.2
1061,2025-02-15,3,7.1,55.0
1061,2025-02-16,2,4.5,62.2
1061,2025-02-17,1,5.9,55.8
1061,2025-02-18,5,6.7,72.2
1061,2025-02-19,4,7.2,64.8
1061,2025-02-20,1,6.3,48.9
1061,2025-02-21,3,8.9,56.1
1061,2025-02-22,3,7.2,53.1
1061,2025-02-23,0,6.6,52.5
1061,2025-02-24,1,6.3,53.7
1061,2025-02-25,4,7.4,66.7
1061,2025-02-26,3,4.5,55.2
1061,2025-02-27,7,7.5,77.5
1061,2025-02-28,5,8.0,67.0
1061,2025-03-01,1,6.2,55.2
1061,2025-03-02,4,7.8,65.7
1062,2025-02-01,2,8.4,54.4
1062,2025-02-02,2,7.8,58.8
1062,2025-02-03,2,,47.4
1062,2025-02-04,4,6.7,63.5
1062,2025-02-05,4,11.0,54.6
1062,2025-02-06,1,8.0,54.4
1062,2025-02-07,2,6.4,56.7
1062,2025-02-08,2,8.8,56.1
1062,2025-02-09,4,8.7,72.7
1062,2025-02-10,deux,8.8,54.3
1062,2025-02-11,2,7.4,63.1
1062,2025-02-12,3,8.1,57.0
1062,2025-02-13,0,6.0,49.7
1062,2025-02-14,3 tasses,6.9,48.3
1062,2025-02-15,5,6.0,75.5
1062,2025-02-16,3,7.5,56.6
1062,2025-02-17,4,7.0,61.7
1062,2025-02-18,3,8.8,65.8
1062,2025-02-19,1,7.1,53.1
1062,2025-02-20,2,7.1,53.8
1062,2025-02-21,4,7.8,70.4
1062,2025-02-22,3,7.8,58.5
1062,2025-02-23,4,7.1,65.5
1062,2025-02-24,2,8.7,54.3
1062,2025-02-25,6,8.7,73.8
1062,2025-02-26,4,8.0,57.8
1062,2025-02-27,4,7.8,63.0
1062,2025-02-28,4,7.8,65.0
1062,2025-03-01,6,7.7,76.7
1062,2025-03-02,3,9.2,62.1
1063,2025-02-01,4,7.0,71.4
1063,2025-02-02,5,7.0,61.0
1063,2025-02-03,3,6.7,15.0
1063,2025-02-04,1,7.5,46.8
1063,2025-02-05,3,6.6,58.7
1063,2025-02-06,5,8.0,71.0
1063,2025-02-07,5,,74.7
1063,2025-02-08,0,7.0,47.7
1063,2025-02-09,5,7.1,71.6
1063,2025-02-10,1,8.2,49.4
1063,2025-02-11,5,7.1,67.0
1063,2025-02-12,2,7.2,61.3
1063,2025-02-13,2,7.7,52.2
1063,2025-02-14,3,7.9,62.1
1063,2025-02-15,3,9.1,51.9
1063,2025-02-16,2,7.0,50.3
1063,2025-02-17,4,7.0,51.0
1063,2025-02-18,4,9.1,52.6
1063,2025-02-19,0,,50.1
1063,2025-02-20,2,7.9,38.1
1063,2025-02-21,3,8.2,56.9
1063,2025-02-22,2,8.0,54.5
1063,2025-02-23,5,7.7,70.0
1063,2025-02-24,3,7.2,62.7
1063,2025-02-25,5,6.3,67.1
1063,2025-02-26,4,5.5,62.5
1063,2025-02-27,7,6.8,68.3
1063,2025-02-28,3,7.6,57.5
1063,2025-03-01,5,5.9,63.6
1063,2025-03-02,3,8.7,56.1
1064,2025-02-01,1,5.7,44.6
1064,2025-02-02,0,,48.1
1064,2025-02-03,4,8.2,57.4
1064,2025-02-04,0,7.9,49.5
1064,2025-02-05,3,8.0,58.4
1064,2025-02-06,2,7.2,58.4
1064,2025-02-07,3,8.4,59.4
1064,2025-02-08,2,8.0,54.0
1064,2025-02-09,5,,58.8
1064,2025-02-10,4,8.8,67.4
1064,2025-02-11,6,9.2,71.3
1064,2025-02-12,1,5.1,41.2
1064,2025-02-13,4,5.9,64.5
1064,2025-02-14,4,7.6,61.6
1064,2025-02-15,2,9.0,42.7
1064,2025-02-16,2,7.2,52.1
1064,2025-02-17,4,7.7,57.0
1064,2025-02-18,4,6.7,64.6
1064,2025-02-19,6,6.9,69.3
1064,2025-02-20,3,7.4,59.6
1064,2025-02-21,4,6.6,63.0
1064,2025-02-22,1,8.2,54.8
1064,2025-02-23,2,7.6,60.7
1064,2025-02-24,4,6.5,55.6
1064,2025-02-25,2,7.3,57.9
1064,2025-02-26,2,6.4,52.7
1064,2025-02-27,3,6.8,57.0
1064,2025-02-28,3,5.9,57.5
1064,2025-03-01,7,7.8,76.0
1064,2025-03-02,5,9.0,73.5
1065,2025-02-01,2,6.0,58.9
1065,2025-02-02,3,7.3,61.1
1065,2025-02-03,3,7.7,60.1
1065,2025-02-04,5,7.9,62.4
1065,2025-02-05,1,6.9,51.3
1065,2025-02-06,1,6.5,51.0
1065,2025-02-07,2,8.9,51.6
1065,2025-02-08,4,7.4,57.3
1065,2025-02-09,2,7.4,51.5
1065,2025-02-10,5,6.7,65.5
1065,2025-02-11,4,9.3,65.8
1065,2025-02-12,4,8.3,68.6
1065,2025-02-13,5,8.0,73.0
1065,2025-02-14,3,6.7,59.9
1065,2025-02-15,6,5.4,78.1
1065,2025-02-16,3,8.4,61.5
1065,2025-02-17,3,7.7,61.9
1065,2025-02-18,2,7.6,56.7
1065,2025-02-19,4,8.2,61.9
1065,2025-02-20,3,6.5,64.3
1065,2025-02-21,4,7.6,63.6
1065,2025-02-22,3,8.3,59.2
1065,2025-02-23,2,6.9,48.1
1065,2025-02-24,6,7.5,80.1
1065,2025-02-25,3,,58.1
1065,2025-02-26,3,6.7,53.1
1065,2025-02-27,5,7.2,75.8
1065,2025-02-28,4,7.1,73.4
1065,2025-03-01,5,,64.2
1065,2025-03-02,0,7.3,54.5
1066,2025-02-01,0,,56.8
1066,2025-02-02,3,7.8,56.8
1066,2025-02-03,2,8.3,58.0
1066,2025-02-04,4,7.0,65.5
1066,2025-02-05,1,8.1,45.8
1066,2025-02-06,2,9.1,42.5
1066,2025-02-07,3,6.2,59.4
1066,2025-02-08,2,6.3,52.4
1066,2025-02-09,1,6.7,52.7
1066,2025-02-10,0,5.4,46.2
1066,2025-02-11,3,6.8,61.6
1066,2025-02-12,6,7.5,72.0
1066,2025-02-13,1,6.1,48.9
1066,2025-02-14,0,5.7,47.0
1066,2025-02-15,1,7.9,55.4
1066,2025-02-16,4,6.0,73.4
1066,2025-02-17,3,7.5,57.6
1066,2025-02-18,2,6.5,42.5
1066,2025-02-19,1,7.2,51.4
1066,2025-02-20,deux,7.8,57.7
1066,2025-02-21,2,6.8,63.5
1066,2025-02-22,2,7.8,57.7
1066,2025-02-23,5,8.4,72.5
1066,2025-02-24,3,7.4,58.9
1066,2025-02-25,3,5.7,60.2
1066,2025-02-26,4,7.0,70.2
1066,2025-02-27,2,8.3,58.8
1066,2025-02-28,4,6.1,67.7
1066,2025-03-01,1,7.7,51.8
1066,2025-03-02,4,7.0,15.0
1067,2025-02-01,0,6.6,39.6
1067,2025-02-02,5,6.6,72.1
1067,2025-02-03,2,7.2,45.4
1067,2025-02-04,5,8.7,65.9
1067,2025-02-05,5,8.5,68.2
1067,2025-02-06,3,7.4,56.2
1067,2025-02-07,0,6.6,41.2
1067,2025-02-08,0,7.5,45.9
1067,2025-02-09,3,9.6,59.7
1067,2025-02-10,3,7.7,59.6
1067,2025-02-11,3,6.9,67.7
1067,2025-02-12,6,9.9,77.7
1067,2025-02-13,deux,8.5,71.7
1067,2025-02-14,8,8.9,64.4
1067,2025-02-15,cinq,8.6,61.7
1067,2025-02-16,3,5.9,63.6
1067,2025-02-17,1,8.3,58.4
1067,2025-02-18,4,5.5,69.3
1067,2025-02-19,4,8.2,65.9
1067,2025-02-20,4,7.7,64.4
1067,2025-02-21,6,8.9,76.2
1067,2025-02-22,4,6.9,58.6
1067,2025-02-23,1,9.1,44.3
1067,2025-02-24,3,7.4,61.7
1067,2025-02-25,3,7.0,62.8
1067,2025-02-26,2,6.7,57.9
1067,2025-02-27,2,8.2,54.3
1067,2025-02-28,3,6.6,59.3
1067,2025-03-01,cinq,6.1,54.1
1067,2025-03-02,4,5.9,49.3
1068,2025-02-01,5,5.3,73.6
1068,2025-02-02,7,9.6,68.8
1068,2025-02-03,5,8.6,68.9
1068,2025-02-04,1,7.1,57.5
1068,2025-02-05,6,8.2,69.1
1068,2025-02-06,6,8.2,70.7
1068,2025-02-07,1,7.3,45.6
1068,2025-02-08,7,7.6,75.5
1068,2025-02-09,deux,6.9,42.9
1068,2025-02-10,0,6.6,45.7
1068,2025-02-11,4,8.7,60.5
1068,2025-02-12,2,6.4,51.0
1068,2025-02-13,3,7.5,59.7
1068,2025-02-14,4,7.1,63.6
1068,2025-02-15,4,6.1,56.6
1068,2025-02-16,2,5.8,48.2
1068,2025-02-17,3,7.9,57.8
1068,2025-02-18,3,,55.2
1068,2025-02-19,4,8.3,62.1
1068,2025-02-20,1,6.8,49.1
1068,2025-02-21,3,8.1,110.0
1068,2025-02-22,3,9.0,15.0
1068,2025-02-23,3,7.9,46.0
1068,2025-02-24,cinq,5.9,72.5
1068,2025-02-25,2,6.5,58.0
1068,2025-02-26,2,6.6,48.2
1068,2025-02-27,2,6.8,57.3
1068,2025-02-28,2,7.0,51.0
1068,2025-03-01,4,8.3,62.7
1068,2025-03-02,3,7.6,59.2
1069,2025-02-01,4,8.0,49.0
1069,2025-02-02,1,5.6,50.5
1069,2025-02-03,1,7.9,50.1
1069,2025-02-04,3,7.2,62.2
1069,2025-02-05,4,6.5,63.8
1069,2025-02-06,3,8.5,64.4
1069,2025-02-07,3,9.4,54.8
1069,2025-02-08,0,8.8,40.7
1069,2025-02-09,1,6.7,46.8
1069,2025-02-10,0,7.2,41.9
1069,2025-02-11,cinq,7.3,55.6
1069,2025-02-12,4,7.2,61.6
1069,2025-02-13,3,5.8,57.8
1069,2025-02-14,1,6.6,50.3
1069,2025-02-15,4,7.6,64.9
1069,2025-02-16,5,7.5,66.9
1069,2025-02-17,4,7.2,59.5
1069,2025-02-18,3,7.0,59.7
1069,2025-02-19,1,7.4,45.5
1069,2025-02-20,0,8.4,45.4
1069,2025-02-21,5,8.0,64.1
1069,2025-02-22,5,8.6,55.8
1069,2025-02-23,4,5.5,59.9
1069,2025-02-24,3,7.7,54.0
1069,2025-02-25,0,8.6,44.4
1069,2025-02-26,3,8.4,56.3
1069,2025-02-27,4,7.0,68.3
1069,2025-02-28,1,6.6,54.9
1069,2025-03-01,2,6.5,56.5
1069,2025-03-02,2,7.5,60.9
1070,2025-02-01,3,5.5,67.2
1070,2025-02-02,3,8.0,59.2
1070,2025-02-03,3,6.4,54.2
1070,2025-02-04,3 tasses,8.4,53.3
1070,2025-02-05,3 tasses,6.3,74.2
1070,2025-02-06,3,7.5,56.4
1070,2025-02-07,3,6.9,54.5
1070,2025-02-08,1,6.5,44.1
1070,2025-02-09,4,7.7,62.7
1070,2025-02-10,4,6.4,63.6
1070,2025-02-11,1,6.1,46.4
1070,2025-02-12,7,8.2,62.7
1070,2025-02-13,0,6.7,42.8
1070,2025-02-14,1,8.6,50.5
1070,2025-02-15,4,6.9,64.7
1070,2025-02-16,3,6.4,61.0
1070,2025-02-17,3,6.3,64.4
1070,2025-02-18,5,5.3,70.5
1070,2025-02-19,2,,61.8
1070,2025-02-20,3,8.2,56.3
1070,2025-02-21,1,8.0,52.4
1070,2025-02-22,3,9.7,60.4
1070,2025-02-23,1,8.4,52.7
1070,2025-02-24,4,6.9,66.1
1070,2025-02-25,1,10.9,57.8
1070,2025-02-26,3,7.5,58.4
1070,2025-02-27,7,7.0,70.9
1070,2025-02-28,3,6.3,60.6
1070,2025-03-01,3,6.9,60.9
1070,2025-03-02,4,6.5,65.2
1071,2025-02-01,0,7.5,41.0
1071,2025-02-02,5,8.5,74.5
1071,2025-02-03,2,6.5,53.4
1071,2025-02-04,2,6.7,59.3
1071,2025-02-05,5,8.2,59.3
1071,2025-02-06,4,7.2,66.2
1071,2025-02-07,4,7.7,68.4
1071,2025-02-08,3,5.7,56.7
1071,2025-02-09,2,6.5,49.4
1071,2025-02-10,2,6.9,56.0
1071,2025-02-11,cinq,7.6,51.4
1071,2025-02-12,7,7.6,69.3
1071,2025-02-13,3,7.9,50.5
1071,2025-02-14,3,8.8,64.6
1071,2025-02-15,3,6.5,58.1
1071,2025-02-16,3,8.4,52.1
1071,2025-02-17,deux,7.4,44.2
1071,2025-02-18,3,7.7,57.5
1071,2025-02-19,2,5.6,64.9
1071,2025-02-20,2,7.8,49.1
1071,2025-02-21,3,7.8,56.8
1071,2025-02-22,3,6.8,69.4
1071,2025-02-23,4,7.6,60.2
1071,2025-02-24,4,8.2,58.2
1071,2025-02-25,0,6.9,41.9
1071,2025-02-26,1,6.7,44.2
1071,2025-02-27,5,7.7,69.2
1071,2025-02-28,4,6.5,64.8
1071,2025-03-01,2,8.6,58.7
1071,2025-03-02,5,6.6,66.5
1072,2025-02-01,2,6.8,51.1
1072,2025-02-02,4,,58.8
1072,2025-02-03,2,6.2,50.7
1072,2025-02-04,5,9.4,65.4
1072,2025-02-05,5,,72.0
1072,2025-02-06,0,7.1,51.2
1072,2025-02-07,4,8.3,62.8
1072,2025-02-08,3,7.2,63.6
1072,2025-02-09,2,7.6,51.1
1072,2025-02-10,2,8.6,58.9
1072,2025-02-11,2,,58.9
1072,2025-02-12,7,7.9,76.7
1072,2025-02-13,deux,8.7,60.8
1072,2025-02-14,3,7.0,60.2
1072,2025-02-15,4,7.1,67.8
1072,2025-02-16,1,6.1,50.2
1072,2025-02-17,3,5.4,64.5
1072,2025-02-18,3,8.2,58.4
1072,2025-02-19,4,6.8,59.2
1072,2025-02-20,1,8.7,50.0
1072,2025-02-21,3,7.5,55.8
1072,2025-02-22,2,7.7,57.6
1072,2025-02-23,3,7.5,60.8
1072,2025-02-24,3,8.5,64.9
1072,2025-02-25,0,7.5,50.3
1072,2025-02-26,0,7.1,45.8
1072,2025-02-27,4,6.7,62.4
1072,2025-02-28,deux,9.2,57.2
1072,2025-03-01,2,7.9,50.8
1072,2025-03-02,6,7.7,70.9
1073,2025-02-01,2,6.7,50.3
1073,2025-02-02,2,6.2,52.5
1073,2025-02-03,3,7.9,44.1
1073,2025-02-04,2,6.7,53.8
1073,2025-02-05,3,7.9,50.7
1073,2025-02-06,4,7.4,53.2
1073,2025-02-07,2,8.2,54.3
1073,2025-02-08,3,6.8,50.6
1073,2025-02-09,3,8.5,65.9
1073,2025-02-10,1,7.6,50.2
1073,2025-02-11,2,8.5,54.9
1073,2025-02-12,1,7.3,53.6
1073,2025-02-13,1,7.4,49.6
1073,2025-02-14,3,8.2,55.7
1073,2025-02-15,6,7.8,82.2
1073,2025-02-16,2,8.0,40.9
1073,2025-02-17,6,7.9,69.9
1073,2025-02-18,1,7.9,46.9
1073,2025-02-19,5,9.1,68.5
1073,2025-02-20,4,7.2,52.5
1073,2025-02-21,4,8.2,61.7
1073,2025-02-22,0,7.0,47.0
1073,2025-02-23,2,7.3,61.3
1073,2025-02-24,4,9.5,56.7
1073,2025-02-25,0,8.1,50.4
1073,2025-02-26,4,9.7,70.5
1073,2025-02-27,5,6.8,63.6
1073,2025-02-28,5,7.3,72.0
1073,2025-03-01,3,5.9,65.1
1073,2025-03-02,4,7.0,53.0
1074,2025-02-01,6,8.4,75.6
1074,2025-02-02,5,6.4,75.1
1074,2025-02-03,0,6.8,42.2
1074,2025-02-04,deux,6.9,51.9
1074,2025-02-05,3,5.7,68.5
1074,2025-02-06,6,7.3,67.4
1074,2025-02-07,2,7.0,60.3
1074,2025-02-08,3,7.8,57.1
1074,2025-02-09,3 tasses,7.0,62.7
1074,2025-02-10,3,8.0,58.5
1074,2025-02-11,4,7.3,59.5
1074,2025-02-12,3,6.9,65.3
1074,2025-02-13,4,6.9,65.5
1074,2025-02-14,deux,7.8,47.9
1074,2025-02-15,6,4.7,72.6
1074,2025-02-16,1,7.8,47.7
1074,2025-02-17,1,7.9,50.1
1074,2025-02-18,2,5.8,55.4
1074,2025-02-19,2,9.2,59.4
1074,2025-02-20,3,7.4,48.2
1074,2025-02-21,3,8.6,61.0
1074,2025-02-22,deux,7.4,66.5
1074,2025-02-23,cinq,7.0,70.2
1074,2025-02-24,1,,48.8
1074,2025-02-25,7,6.1,70.3
1074,2025-02-26,3,8.3,61.8
1074,2025-02-27,1,5.9,47.4
1074,2025-02-28,4,7.2,62.8
1074,2025-03-01,1,7.8,50.2
1074,2025-03-02,2,8.6,51.7
1075,2025-02-01,2,7.9,60.1
1075,2025-02-02,cinq,7.8,60.2
1075,2025-02-03,0,7.5,43.5
1075,2025-02-04,3,7.0,56.2
1075,2025-02-05,cinq,7.5,55.0
1075,2025-02-06,5,9.1,69.1
1075,2025-02-07,cinq,6.1,48.3
1075,2025-02-08,0,6.1,51.1
1075,2025-02-09,4,7.9,60.9
1075,2025-02-10,4,6.7,61.8
1075,2025-02-11,5,6.4,63.2
1075,2025-02-12,4,,71.9
1075,2025-02-13,5,9.2,71.5
1075,2025-02-14,7,5.8,75.4
1075,2025-02-15,4,7.2,58.7
1075,2025-02-16,2,7.0,56.7
1075,2025-02-17,4,7.5,60.5
1075,2025-02-18,2,8.2,47.7
1075,2025-02-19,5,7.6,76.2
1075,2025-02-20,3,6.2,56.2
1075,2025-02-21,2,6.0,46.5
1075,2025-02-22,3 tasses,8.2,58.1
1075,2025-02-23,4,8.1,59.2
1075,2025-02-24,2,6.8,62.5
1075,2025-02-25,3,6.4,54.9
1075,2025-02-26,7,7.7,71.1
1075,2025-02-27,0,6.7,50.6
1075,2025-02-28,3,6.7,69.7
1075,2025-03-01,3,10.0,53.6
1075,2025-03-02,1,7.4,42.3
1076,2025-02-01,2,8.0,56.1
1076,2025-02-02,3,6.7,62.9
1076,2025-02-03,3,5.5,53.9
1076,2025-02-04,1,8.6,44.9
1076,2025-02-05,4,5.8,65.6
1076,2025-02-06,0,8.5,44.1
1076,2025-02-07,4,7.3,59.8
1076,2025-02-08,0,5.7,41.7
1076,2025-02-09,3,6.3,67.9
1076,2025-02-10,5,7.3,74.6
1076,2025-02-11,3,6.3,56.9
1076,2025-02-12,4,6.7,71.1
1076,2025-02-13,2,8.3,52.8
1076,2025-02-14,1,6.2,53.8
1076,2025-02-15,0,7.8,41.4
1076,2025-02-16,5,6.8,68.6
1076,2025-02-17,4,,110.0
1076,2025-02-18,1,7.9,40.3
1076,2025-02-19,6,8.5,63.0
1076,2025-02-20,5,6.7,65.4
1076,2025-02-21,4,7.4,61.6
1076,2025-02-22,1,6.6,39.8
1076,2025-02-23,5,8.0,62.2
1076,2025-02-24,5,,69.5
1076,2025-02-25,2,6.9,62.8
1076,2025-02-26,3,6.6,55.3
1076,2025-02-27,4,9.5,63.5
1076,2025-02-28,1,7.8,48.3
1076,2025-03-01,6,8.7,69.8
1076,2025-03-02,1,7.0,52.2
1077,2025-02-01,3 tasses,7.6,40.7
1077,2025-02-02,1,6.2,42.9
1077,2025-02-03,4,6.6,64.4
1077,2025-02-04,5,6.8,63.1
1077,2025-02-05,0,8.8,41.9
1077,2025-02-06,6,8.0,79.2
1077,2025-02-07,0,8.2,48.8
1077,2025-02-08,5,6.7,64.6
1077,2025-02-09,5,5.9,62.7
1077,2025-02-10,4,7.0,61.6
1077,2025-02-11,0,9.1,43.1
1077,2025-02-12,deux,8.8,66.5
1077,2025-02-13,1,8.2,38.2
1077,2025-02-14,3 tasses,7.4,63.6
1077,2025-02-15,3,9.2,59.5
1077,2025-02-16,5,6.5,67.4
1077,2025-02-17,deux,8.0,72.5
1077,2025-02-18,3,7.0,58.6
1077,2025-02-19,0,6.3,44.5
1077,2025-02-20,3,6.1,57.8
1077,2025-02-21,0,6.1,36.4
1077,2025-02-22,3,8.1,62.4
1077,2025-02-23,3,9.4,54.6
1077,2025-02-24,2,8.0,54.2
1077,2025-02-25,6,6.0,80.6
1077,2025-02-26,0,8.3,48.2
1077,2025-02-27,1,6.7,43.6
1077,2025-02-28,1,7.5,57.0
1077,2025-03-01,6,6.9,78.8
1077,2025-03-02,2,8.6,57.1
1078,2025-02-01,3,7.9,47.7
1078,2025-02-02,5,6.3,75.2
1078,2025-02-03,4,6.5,67.9
1078,2025-02-04,3,8.2,58.3
1078,2025-02-05,7,8.3,69.1
1078,2025-02-06,2,8.1,61.7
1078,2025-02-07,3,8.4,62.5
1078,2025-02-08,6,6.6,74.1
1078,2025-02-09,4,7.9,60.7
1078,2025-02-10,3 tasses,8.6,77.3
1078,2025-02-11,5,6.7,66.1
1078,2025-02-12,2,7.5,51.9
1078,2025-02-13,2,5.7,54.1
1078,2025-02-14,3,6.4,51.0
1078,2025-02-15,3,6.9,65.0
1078,2025-02-16,7,5.8,66.8
1078,2025-02-17,2,6.2,55.0
1078,2025-02-18,2,8.2,60.8
1078,2025-02-19,2,6.2,55.2
1078,2025-02-20,2,7.0,49.2
1078,2025-02-21,0,7.1,43.4
1078,2025-02-22,2,6.5,59.0
1078,2025-02-23,4,6.3,64.5
1078,2025-02-24,3 tasses,8.4,44.2
1078,2025-02-25,4,8.7,63.7
1078,2025-02-26,3,8.0,58.2
1078,2025-02-27,3,8.7,57.1
1078,2025-02-28,5,6.4,64.6
1078,2025-03-01,2,8.4,61.0
1078,2025-03-02,2,6.8,53.3
1079,2025-02-01,2,7.1,53.3
1079,2025-02-02,3,6.1,56.2
1079,2025-02-03,6,6.2,72.9
1079,2025-02-04,3,9.5,59.2
1079,2025-02-05,6,7.6,69.5
1079,2025-02-06,3,6.4,59.7
1079,2025-02-07,2,7.0,59.0
1079,2025-02-08,3,5.8,60.9
1079,2025-02-09,4,9.7,64.2
1079,2025-02-10,2,8.0,48.7
1079,2025-02-11,2,8.1,53.1
1079,2025-02-12,0,7.2,45.7
1079,2025-02-13,3,6.1,47.7
1079,2025-02-14,4,8.2,60.0
1079,2025-02-15,2,7.2,58.2
1079,2025-02-16,3,5.9,65.1
1079,2025-02-17,3,6.7,55.7
1079,2025-02-18,4,9.1,64.0
1079,2025-02-19,5,7.9,69.0
1079,2025-02-20,6,6.5,70.5
1079,2025-02-21,2,,47.3
1079,2025-02-22,3,6.9,55.7
1079,2025-02-23,5,6.8,77.7
1079,2025-02-24,3,5.5,63.6
1079,2025-02-25,0,6.4,46.9
1079,2025-02-26,3,8.2,55.7
1079,2025-02-27,2,7.1,56.1
1079,2025-02-28,4,6.4,68.9
1079,2025-03-01,7,7.5,73.2
1079,2025-03-02,2,8.5,43.2
1080,2025-02-01,6,8.9,66.2
1080,2025-02-02,2,7.3,58.2
1080,2025-02-03,0,,47.7
1080,2025-02-04,1,7.4,49.8
1080,2025-02-05,1,7.5,50.0
1080,2025-02-06,2,6.0,46.0
1080,2025-02-07,4,8.0,61.2
1080,2025-02-08,3,7.0,64.6
1080,2025-02-09,2,9.3,49.9
1080,2025-02-10,5,6.3,69.0
1080,2025-02-11,1,6.9,54.3
1080,2025-02-12,1,8.9,53.3
1080,2025-02-13,4,8.3,70.6
1080,2025-02-14,4,6.9,65.7
1080,2025-02-15,3,8.8,58.3
1080,2025-02-16,7,8.3,67.2
1080,2025-02-17,3,7.4,64.9
1080,2025-02-18,4,6.6,63.0
1080,2025-02-19,2,8.3,58.4
1080,2025-02-20,5,8.4,63.5
1080,2025-02-21,3,8.5,110.0
1080,2025-02-22,1,8.0,49.2
1080,2025-02-23,3,8.2,58.7
1080,2025-02-24,deux,6.4,58.7
1080,2025-02-25,cinq,7.3,53.3
1080,2025-02-26,4,6.3,54.3
1080,2025-02-27,3,8.6,53.9
1080,2025-02-28,5,4.5,63.7
1080,2025-03-01,2,7.3,54.2
1080,2025-03-02,1,6.3,47.5
1045,2025-03-01,0,5.7,38.4
1016,2025-02-19,0,8.7,46.7
1049,2025-02-24,1,8.4,48.1
1076,2025-02-18,1,7.9,40.3
1032,2025-02-14,4,4.8,63.6
1028,2025-03-02,2,8.4,41.9
1014,2025-02-07,2,8.7,50.1
1042,2025-02-07,2,5.8,57.0
1031,2025-02-01,6,8.1,72.4
1074,2025-02-01,6,8.4,75.6
1056,2025-02-23,3,4.8,52.9
1041,2025-02-16,5,9.6,72.7
1043,2025-02-04,3,6.0,55.4
1007,2025-02-15,1,7.1,51.6
1052,2025-02-23,6,5.9,69.2
1042,2025-02-20,2,9.4,45.4
1068,2025-02-15,4,6.1,56.6
1019,2025-03-02,0,7.6,50.1
1025,2025-02-06,3,8.5,66.5
1055,2025-02-06,1,7.0,48.4
1001,2025-02-18,1,8.1,51.3
1040,2025-02-14,0,8.0,34.8
1072,2025-02-11,2,,58.9
1005,2025-02-01,2,7.1,56.9
